Timestamp,CPU Package Temperature (C),CPU Power Consumption (W),Humidity (%)
2024-11-14 15:33:21,52.0,0.61,22.0
2024-11-14 15:33:23,52.75,1.02,21.0
2024-11-14 15:33:24,53.25,1.4,21.0
2024-11-14 15:33:25,53.125,1.01,21.0
2024-11-14 15:33:26,53.25,1.31,21.0
2024-11-14 15:33:28,54.25,1.36,20.0
2024-11-14 15:33:29,54.75,1.41,20.0
2024-11-14 15:33:30,54.625,1.41,20.0
2024-11-14 15:33:32,54.125,0.88,20.0
2024-11-14 15:33:33,54.375,1.21,20.0
2024-11-14 15:33:34,54.125,1.11,20.0
2024-11-14 15:33:36,54.875,1.49,20.0
2024-11-14 15:33:37,54.625,1.29,20.0
2024-11-14 15:33:38,54.375,0.98,20.0
2024-11-14 15:33:39,54.375,1.08,20.0
2024-11-14 15:33:41,53.875,0.8,20.0
2024-11-14 15:33:42,53.875,1.22,20.0
2024-11-14 15:33:43,54.125,1.34,20.0
2024-11-14 15:33:45,54.125,1.96,20.0
2024-11-14 15:33:46,54.625,1.16,20.0
2024-11-14 15:33:47,54.375,1.03,20.0
2024-11-14 15:33:48,54.5,0.91,20.0
2024-11-14 15:33:50,55.5,1.77,20.0
2024-11-14 15:33:51,55.625,1.31,20.0
2024-11-14 15:33:52,55.75,1.53,20.0
2024-11-14 15:33:54,56.125,1.8,20.0
2024-11-14 15:33:55,56.0,1.27,20.0
2024-11-14 15:33:56,55.875,1.59,20.0
2024-11-14 15:33:58,55.375,1.11,20.0
2024-11-14 15:33:59,55.125,1.12,20.0
2024-11-14 15:34:00,55.0,1.07,20.0
2024-11-14 15:34:02,55.25,1.16,20.0
2024-11-14 15:34:03,56.0,1.43,20.0
2024-11-14 15:34:04,56.125,1.17,20.0
2024-11-14 15:34:05,55.75,1.05,20.0
2024-11-14 15:34:07,56.125,1.65,20.0
2024-11-14 15:34:08,56.625,1.53,20.0
2024-11-14 15:34:09,56.75,1.24,20.0
2024-11-14 15:34:11,57.125,1.68,20.0
2024-11-14 15:34:12,57.125,1.47,20.0
2024-11-14 15:34:13,57.375,1.56,20.0
2024-11-14 15:34:15,60.625,2.33,20.0
2024-11-14 15:34:16,60.375,1.55,20.0
2024-11-14 15:34:17,60.125,1.47,20.0
2024-11-14 15:34:19,59.0,0.86,20.0
2024-11-14 15:34:20,58.5,0.82,20.0
2024-11-14 15:34:21,58.0,0.89,20.0
2024-11-14 15:34:23,57.5,1.01,20.0
2024-11-14 15:34:24,57.75,1.36,20.0
2024-11-14 15:34:25,57.375,0.92,20.0
2024-11-14 15:34:26,57.125,0.91,20.0
2024-11-14 15:34:28,56.75,1.01,20.0
2024-11-14 15:34:29,56.5,0.92,20.0
2024-11-14 15:34:30,56.375,0.93,20.0
2024-11-14 15:34:32,56.125,0.97,20.0
2024-11-14 15:34:33,56.125,0.88,20.0
2024-11-14 15:34:34,56.25,1.04,20.0
2024-11-14 15:34:36,56.75,1.19,20.0
2024-11-14 15:34:37,57.25,1.56,20.0
2024-11-14 15:34:38,58.625,2.17,20.0
2024-11-14 15:34:40,59.5,1.26,20.0
2024-11-14 15:34:41,59.125,1.06,20.0
2024-11-14 15:34:42,58.875,1.38,20.0
2024-11-14 15:34:43,58.625,1.06,20.0
2024-11-14 15:34:45,58.0,1.07,20.0
2024-11-14 15:34:46,57.875,1.15,20.0
2024-11-14 15:34:47,57.75,1.3,20.0
2024-11-14 15:34:49,57.25,1.02,20.0
2024-11-14 15:34:50,57.625,1.52,20.0
2024-11-14 15:34:51,57.375,0.97,20.0
2024-11-14 15:34:53,57.0,0.88,20.0
2024-11-14 15:34:54,57.0,0.94,20.0
2024-11-14 15:34:55,57.625,1.2,20.0
2024-11-14 15:34:57,58.5,1.22,20.0
2024-11-14 15:34:58,58.75,1.42,20.0
2024-11-14 15:34:59,58.75,1.13,20.0
2024-11-14 15:35:00,59.0,1.49,20.0
2024-11-14 15:35:02,58.875,1.24,20.0
2024-11-14 15:35:03,58.75,1.21,20.0
2024-11-14 15:35:04,58.75,1.09,20.0
2024-11-14 15:35:06,58.125,1.01,20.0
2024-11-14 15:35:07,58.0,0.85,20.0
2024-11-14 15:35:08,57.875,1.09,20.0
2024-11-14 15:35:10,57.5,0.64,20.0
2024-11-14 15:35:11,57.375,0.9,20.0
2024-11-14 15:35:12,57.375,0.91,20.0
2024-11-14 15:35:13,57.375,0.87,20.0
2024-11-14 15:35:15,57.25,1.08,20.0
2024-11-14 15:35:16,57.5,1.15,20.0
2024-11-14 15:35:17,57.5,1.11,20.0
2024-11-14 15:35:19,57.375,0.91,20.0
2024-11-14 15:35:20,57.625,1.07,20.0
2024-11-14 15:35:21,57.625,1.03,20.0
2024-11-14 15:35:23,57.375,0.86,20.0
2024-11-14 15:35:24,57.5,1.04,20.0
2024-11-14 15:35:25,58.375,1.09,20.0
2024-11-14 15:35:27,57.875,0.68,20.0
2024-11-14 15:35:28,57.875,0.93,20.0
2024-11-14 15:35:29,57.875,1.07,20.0
2024-11-14 15:35:30,58.0,1.13,20.0
2024-11-14 15:35:32,57.75,1.0,20.0
2024-11-14 15:35:33,58.0,1.18,20.0
2024-11-14 15:35:34,58.25,1.24,20.0
2024-11-14 15:35:36,58.25,1.11,20.0
2024-11-14 15:35:37,58.125,0.87,20.0
2024-11-14 15:35:38,58.125,0.8,20.0
2024-11-14 15:35:40,57.875,0.84,20.0
2024-11-14 15:35:41,58.0,0.79,20.0
2024-11-14 15:35:42,58.125,0.87,20.0
2024-11-14 15:35:44,59.125,1.17,20.0
2024-11-14 15:35:45,60.625,2.1,20.0
2024-11-14 15:35:46,60.5,1.21,20.0
2024-11-14 15:35:47,60.125,1.4,20.0
2024-11-14 15:35:49,60.25,1.38,20.0
2024-11-14 15:35:50,60.25,1.17,20.0
2024-11-14 15:35:51,59.875,1.15,20.0
2024-11-14 15:35:53,59.125,0.9,20.0
2024-11-14 15:35:54,59.75,1.69,20.0
2024-11-14 15:35:55,60.625,1.65,20.0
2024-11-14 15:35:57,59.875,0.72,20.0
2024-11-14 15:35:58,59.625,0.89,20.0
2024-11-14 15:35:59,59.375,1.0,20.0
2024-11-14 15:36:01,59.875,1.17,20.0
2024-11-14 15:36:02,60.375,1.46,20.0
2024-11-14 15:36:03,60.5,1.5,20.0
2024-11-14 15:36:04,60.5,1.25,20.0
2024-11-14 15:36:06,60.25,1.07,20.0
2024-11-14 15:36:07,60.625,1.27,20.0
2024-11-14 15:36:08,60.375,1.16,20.0
2024-11-14 15:36:10,60.125,1.07,20.0
2024-11-14 15:36:11,59.875,0.99,20.0
2024-11-14 15:36:12,59.625,0.93,20.0
2024-11-14 15:36:14,59.25,0.84,20.0
2024-11-14 15:36:15,59.125,0.81,20.0
2024-11-14 15:36:16,59.25,1.01,20.0
2024-11-14 15:36:18,59.125,0.85,20.0
2024-11-14 15:36:19,59.0,0.87,20.0
2024-11-14 15:36:20,58.875,0.89,20.0
2024-11-14 15:36:21,58.875,1.06,20.0
2024-11-14 15:36:23,58.875,1.04,20.0
2024-11-14 15:36:24,59.25,1.35,20.0
2024-11-14 15:36:25,59.25,1.07,20.0
2024-11-14 15:36:27,59.5,0.9,20.0
2024-11-14 15:36:28,59.75,0.9,20.0
2024-11-14 15:36:29,59.625,1.1,20.0
2024-11-14 15:36:31,59.5,1.15,20.0
2024-11-14 15:36:32,59.375,0.97,20.0
2024-11-14 15:36:33,59.375,1.14,20.0
2024-11-14 15:36:35,59.125,0.65,20.0
2024-11-14 15:36:36,59.375,0.87,20.0
2024-11-14 15:36:37,59.375,0.89,20.0
2024-11-14 15:36:38,59.375,0.95,20.0
2024-11-14 15:36:40,59.25,1.14,20.0
2024-11-14 15:36:41,59.25,0.99,20.0
2024-11-14 15:36:42,59.375,0.83,20.0
2024-11-14 15:36:44,59.25,0.66,20.0
2024-11-14 15:36:45,59.375,1.08,20.0
2024-11-14 15:36:46,59.375,0.85,20.0
2024-11-14 15:36:48,59.125,0.69,20.0
2024-11-14 15:36:49,59.875,1.46,20.0
2024-11-14 15:36:50,61.875,1.96,20.0
2024-11-14 15:36:51,62.125,0.91,20.0
2024-11-14 15:36:53,61.875,0.95,20.0
2024-11-14 15:36:54,61.625,1.37,20.0
2024-11-14 15:36:55,61.25,1.03,20.0
2024-11-14 15:36:57,61.125,0.66,20.0
2024-11-14 15:36:58,61.0,0.91,20.0
2024-11-14 15:36:59,60.75,0.92,20.0
2024-11-14 15:37:01,60.75,1.46,20.0
2024-11-14 15:37:02,61.125,1.11,20.0
2024-11-14 15:37:03,61.0,0.97,20.0
2024-11-14 15:37:04,60.875,1.02,20.0
2024-11-14 15:37:06,60.375,0.97,20.0
2024-11-14 15:37:07,60.25,0.77,20.0
2024-11-14 15:37:08,61.125,1.48,20.0
2024-11-14 15:37:10,61.625,1.35,20.0
2024-11-14 15:37:11,61.75,1.39,20.0
2024-11-14 15:37:12,62.25,1.73,20.0
2024-11-14 15:37:14,62.375,1.19,20.0
2024-11-14 15:37:15,62.0,1.12,20.0
2024-11-14 15:37:16,61.875,1.52,20.0
2024-11-14 15:37:18,60.875,0.72,20.0
2024-11-14 15:37:19,60.5,1.0,20.0
2024-11-14 15:37:20,60.125,0.8,20.0
2024-11-14 15:37:21,59.75,1.04,20.0
2024-11-14 15:37:23,59.125,0.81,20.0
2024-11-14 15:37:24,58.875,0.92,20.0
2024-11-14 15:37:25,59.0,1.24,20.0
2024-11-14 15:37:27,59.375,0.77,20.0
2024-11-14 15:37:28,59.125,1.17,20.0
2024-11-14 15:37:29,59.625,2.06,20.0
2024-11-14 15:37:31,58.625,0.83,20.0
2024-11-14 15:37:32,58.375,0.9,20.0
2024-11-14 15:37:33,58.0,1.0,20.0
2024-11-14 15:37:34,57.75,1.14,20.0
2024-11-14 15:37:36,57.25,1.0,20.0
2024-11-14 15:37:37,57.125,0.75,20.0
2024-11-14 15:37:38,56.875,0.97,20.0
2024-11-14 15:37:40,56.25,0.85,20.0
2024-11-14 15:37:41,56.125,1.04,20.0
2024-11-14 15:37:42,56.0,0.8,20.0
2024-11-14 15:37:44,55.625,0.76,20.0
2024-11-14 15:37:45,55.5,0.84,20.0
2024-11-14 15:37:46,55.5,0.87,20.0
2024-11-14 15:37:47,55.375,0.8,20.0
2024-11-14 15:37:49,55.0,0.99,20.0
2024-11-14 15:37:50,55.375,1.29,20.0
2024-11-14 15:37:51,55.375,0.89,20.0
2024-11-14 15:37:53,54.875,1.17,20.0
2024-11-14 15:37:54,54.75,0.87,20.0
2024-11-14 15:37:55,54.625,0.75,20.0
2024-11-14 15:37:57,55.25,0.99,20.0
2024-11-14 15:37:58,55.125,0.91,20.0
2024-11-14 15:37:59,54.875,1.01,20.0
2024-11-14 15:38:00,54.625,0.94,20.0
2024-11-14 15:38:02,54.25,0.94,20.0
2024-11-14 15:38:03,54.125,0.89,20.0
2024-11-14 15:38:04,54.25,1.0,20.0
2024-11-14 15:38:06,53.75,0.72,20.0
2024-11-14 15:38:07,53.625,0.78,20.0
2024-11-14 15:38:08,53.5,0.94,20.0
2024-11-14 15:38:10,53.375,0.81,20.0
2024-11-14 15:38:11,55.5,1.35,20.0
2024-11-14 15:38:12,55.125,1.01,20.0
2024-11-14 15:38:13,54.75,1.05,20.0
2024-11-14 15:38:15,54.875,1.43,20.0
2024-11-14 15:38:16,54.875,1.43,20.0
2024-11-14 15:38:17,55.0,1.24,20.0
2024-11-14 15:38:19,54.75,1.23,20.0
2024-11-14 15:38:20,54.625,1.02,20.0
2024-11-14 15:38:21,54.5,1.67,20.0
2024-11-14 15:38:23,54.0,0.87,20.0
2024-11-14 15:38:24,53.75,0.9,20.0
2024-11-14 15:38:25,53.5,0.95,20.0
2024-11-14 15:38:27,53.375,1.09,20.0
2024-11-14 15:38:28,53.125,0.93,21.0
2024-11-14 15:38:29,53.125,0.97,21.0
2024-11-14 15:38:31,52.875,0.89,21.0
2024-11-14 15:38:32,52.375,0.87,22.0
2024-11-14 15:38:33,52.5,1.31,22.0
2024-11-14 15:38:34,52.375,0.86,22.0
2024-11-14 15:38:36,52.0,1.04,22.0
2024-11-14 15:38:37,51.875,0.98,23.0
2024-11-14 15:38:38,51.875,0.89,23.0
2024-11-14 15:38:40,51.625,0.93,23.0
2024-11-14 15:38:41,51.75,1.01,23.0
2024-11-14 15:38:42,51.625,0.72,23.0
2024-11-14 15:38:44,51.25,0.62,24.0
2024-11-14 15:38:45,51.375,0.93,23.0
2024-11-14 15:38:46,51.25,0.84,24.0
2024-11-14 15:38:47,51.25,1.13,24.0
2024-11-14 15:38:49,51.0,0.91,24.0
2024-11-14 15:38:50,51.375,1.25,23.0
2024-11-14 15:38:51,51.5,1.13,23.0
2024-11-14 15:38:53,51.625,1.24,23.0
2024-11-14 15:38:54,51.375,0.94,23.0
2024-11-14 15:38:55,51.375,1.14,23.0
2024-11-14 15:38:57,51.5,1.06,23.0
2024-11-14 15:38:58,51.75,1.07,23.0
2024-11-14 15:38:59,51.5,0.87,23.0
2024-11-14 15:39:00,51.25,1.03,24.0
2024-11-14 15:39:02,50.875,0.72,24.0
2024-11-14 15:39:03,50.75,0.94,24.0
2024-11-14 15:39:04,51.125,1.32,24.0
2024-11-14 15:39:06,50.625,0.8,25.0
2024-11-14 15:39:07,50.375,1.03,25.0
2024-11-14 15:39:08,50.5,1.21,25.0
2024-11-14 15:39:10,50.125,0.7,25.0
2024-11-14 15:39:11,50.125,0.93,25.0
2024-11-14 15:39:12,50.125,0.79,25.0
2024-11-14 15:39:14,49.875,0.77,26.0
2024-11-14 15:39:15,49.875,0.98,26.0
2024-11-14 15:39:16,50.75,1.44,24.0
2024-11-14 15:39:17,50.5,0.92,25.0
2024-11-14 15:39:19,51.5,1.81,23.0
2024-11-14 15:39:20,51.875,1.43,23.0
2024-11-14 15:39:21,51.625,1.12,23.0
2024-11-14 15:39:23,51.875,1.3,23.0
2024-11-14 15:39:24,53.0,2.1,21.0
2024-11-14 15:39:25,52.625,1.28,22.0
2024-11-14 15:39:27,52.75,1.29,21.0
2024-11-14 15:39:28,52.5,1.27,22.0
2024-11-14 15:39:29,52.125,1.16,22.0
2024-11-14 15:39:31,52.25,0.75,22.0
2024-11-14 15:39:32,52.875,1.12,21.0
2024-11-14 15:39:33,52.375,1.01,22.0
2024-11-14 15:39:35,51.375,0.72,23.0
2024-11-14 15:39:36,51.0,0.85,24.0
2024-11-14 15:39:37,50.625,0.96,25.0
2024-11-14 15:39:38,50.375,1.04,25.0
2024-11-14 15:39:40,50.0,1.06,25.0
2024-11-14 15:39:41,49.75,0.79,26.0
2024-11-14 15:39:42,49.625,0.83,26.0
2024-11-14 15:39:44,49.25,0.76,27.0
2024-11-14 15:39:45,49.25,0.95,27.0
2024-11-14 15:39:46,49.125,1.19,27.0
2024-11-14 15:39:48,49.0,0.79,27.0
2024-11-14 15:39:49,49.0,1.19,27.0
2024-11-14 15:39:50,49.5,1.1,26.0
2024-11-14 15:39:51,49.5,0.94,26.0
2024-11-14 15:39:53,49.125,0.84,27.0
2024-11-14 15:39:54,49.25,0.82,27.0
2024-11-14 15:39:55,49.375,0.77,26.0
2024-11-14 15:39:57,49.25,0.83,27.0
2024-11-14 15:39:58,50.125,1.28,25.0
2024-11-14 15:39:59,50.125,0.93,25.0
2024-11-14 15:40:01,49.75,0.66,26.0
2024-11-14 15:40:02,49.75,0.96,26.0
2024-11-14 15:40:03,50.0,1.05,25.0
2024-11-14 15:40:04,50.125,1.01,25.0
2024-11-14 15:40:06,49.875,0.87,26.0
2024-11-14 15:40:07,50.0,0.92,25.0
2024-11-14 15:40:08,50.25,1.39,25.0
2024-11-14 15:40:10,50.25,0.97,25.0
2024-11-14 15:40:11,50.5,1.23,25.0
2024-11-14 15:40:12,50.625,1.11,25.0
2024-11-14 15:40:14,50.375,0.84,25.0
2024-11-14 15:40:15,50.375,0.78,25.0
2024-11-14 15:40:16,50.75,1.14,24.0
2024-11-14 15:40:18,50.625,0.54,25.0
2024-11-14 15:40:19,50.75,0.8,24.0
2024-11-14 15:40:20,50.875,1.0,24.0
2024-11-14 15:40:21,50.875,1.02,24.0
2024-11-14 15:40:23,50.625,0.93,25.0
2024-11-14 15:40:24,50.875,0.84,24.0
2024-11-14 15:40:25,51.5,1.21,23.0
2024-11-14 15:40:27,52.25,1.06,22.0
2024-11-14 15:40:28,53.375,1.82,20.0
2024-11-14 15:40:29,53.875,1.68,20.0
2024-11-14 15:40:31,53.625,1.14,20.0
2024-11-14 15:40:32,53.5,1.18,20.0
2024-11-14 15:40:33,53.375,1.44,20.0
2024-11-14 15:40:35,52.5,0.65,22.0
2024-11-14 15:40:36,52.375,0.73,22.0
2024-11-14 15:40:37,52.25,0.95,22.0
2024-11-14 15:40:38,52.25,0.84,22.0
2024-11-14 15:40:40,52.0,0.83,22.0
2024-11-14 15:40:41,51.875,0.91,23.0
2024-11-14 15:40:42,52.0,0.81,22.0
2024-11-14 15:40:44,53.125,0.98,21.0
2024-11-14 15:40:45,54.75,1.45,20.0
2024-11-14 15:40:46,54.375,1.15,20.0
2024-11-14 15:40:48,53.5,0.64,20.0
2024-11-14 15:40:49,53.25,0.95,21.0
2024-11-14 15:40:50,53.625,1.04,20.0
2024-11-14 15:40:51,53.5,0.98,20.0
2024-11-14 15:40:53,52.875,0.9,21.0
2024-11-14 15:40:54,52.875,1.15,21.0
2024-11-14 15:40:55,52.75,1.04,21.0
2024-11-14 15:40:57,52.625,0.8,22.0
2024-11-14 15:40:58,52.625,0.77,22.0
2024-11-14 15:40:59,53.375,1.41,20.0
2024-11-14 15:41:01,53.375,0.89,20.0
2024-11-14 15:41:02,53.25,0.94,21.0
2024-11-14 15:41:03,53.125,0.83,21.0
2024-11-14 15:41:04,53.25,0.96,21.0
2024-11-14 15:41:06,53.125,0.97,21.0
2024-11-14 15:41:07,53.125,1.13,21.0
2024-11-14 15:41:08,54.125,1.41,20.0
2024-11-14 15:41:10,54.375,0.87,20.0
2024-11-14 15:41:11,54.125,0.92,20.0
2024-11-14 15:41:12,54.875,1.6,20.0
2024-11-14 15:41:14,56.5,1.04,20.0
2024-11-14 15:41:15,56.125,1.05,20.0
2024-11-14 15:41:16,55.625,0.92,20.0
2024-11-14 15:41:18,55.0,0.92,20.0
2024-11-14 15:41:19,54.75,0.98,20.0
2024-11-14 15:41:20,54.5,1.0,20.0
2024-11-14 15:41:22,54.375,1.08,20.0
2024-11-14 15:41:23,54.0,0.99,20.0
2024-11-14 15:41:24,54.125,0.87,20.0
2024-11-14 15:41:25,54.125,1.1,20.0
2024-11-14 15:41:27,53.875,0.86,20.0
2024-11-14 15:41:28,54.25,1.37,20.0
2024-11-14 15:41:29,55.0,1.71,20.0
2024-11-14 15:41:31,55.625,1.69,20.0
2024-11-14 15:41:32,55.75,1.28,20.0
2024-11-14 15:41:33,56.125,1.46,20.0
2024-11-14 15:41:35,56.5,1.3,20.0
2024-11-14 15:41:36,56.625,1.41,20.0
2024-11-14 15:41:37,56.375,1.3,20.0
2024-11-14 15:41:39,56.25,0.74,20.0
2024-11-14 15:41:40,56.0,0.93,20.0
2024-11-14 15:41:41,55.75,1.26,20.0
2024-11-14 15:41:43,55.375,1.0,20.0
2024-11-14 15:41:44,55.0,1.18,20.0
2024-11-14 15:41:45,55.0,1.02,20.0
2024-11-14 15:41:46,55.0,1.1,20.0
2024-11-14 15:41:48,54.75,0.84,20.0
2024-11-14 15:41:49,54.75,0.99,20.0
2024-11-14 15:41:50,55.375,1.26,20.0
2024-11-14 15:41:52,55.125,0.68,20.0
2024-11-14 15:41:53,55.125,0.91,20.0
2024-11-14 15:41:54,55.125,0.95,20.0
2024-11-14 15:41:56,55.0,0.84,20.0
2024-11-14 15:41:57,54.875,1.0,20.0
2024-11-14 15:41:58,54.875,1.07,20.0
2024-11-14 15:41:59,55.875,1.19,20.0
2024-11-14 15:42:01,55.625,0.82,20.0
2024-11-14 15:42:02,55.375,1.08,20.0
2024-11-14 15:42:03,55.25,0.9,20.0
2024-11-14 15:42:05,55.25,0.67,20.0
2024-11-14 15:42:06,55.25,0.94,20.0
2024-11-14 15:42:07,55.375,1.13,20.0
2024-11-14 15:42:09,55.25,0.82,20.0
2024-11-14 15:42:10,55.25,1.21,20.0
2024-11-14 15:42:11,55.375,0.86,20.0
2024-11-14 15:42:12,55.5,0.87,20.0
2024-11-14 15:42:14,55.25,0.88,20.0
2024-11-14 15:42:15,55.375,0.78,20.0
2024-11-14 15:42:16,55.375,0.97,20.0
2024-11-14 15:42:18,55.25,0.71,20.0
2024-11-14 15:42:19,55.375,0.94,20.0
2024-11-14 15:42:20,55.5,1.09,20.0
2024-11-14 15:42:22,55.375,0.82,20.0
2024-11-14 15:42:23,55.5,1.32,20.0
2024-11-14 15:42:24,55.625,1.08,20.0
2024-11-14 15:42:25,55.75,1.13,20.0
2024-11-14 15:42:27,55.625,0.85,20.0
2024-11-14 15:42:28,55.75,1.21,20.0
2024-11-14 15:42:29,55.75,1.05,20.0
2024-11-14 15:42:31,56.625,0.82,20.0
2024-11-14 15:42:32,56.625,1.25,20.0
2024-11-14 15:42:33,56.5,0.9,20.0
2024-11-14 15:42:35,56.125,0.76,20.0
2024-11-14 15:42:36,56.75,1.66,20.0
2024-11-14 15:42:37,57.625,1.32,20.0
2024-11-14 15:42:39,58.0,1.36,20.0
2024-11-14 15:42:40,58.0,1.14,20.0
2024-11-14 15:42:41,58.25,1.27,20.0
2024-11-14 15:42:42,58.375,1.47,20.0
2024-11-14 15:42:44,57.875,1.1,20.0
2024-11-14 15:42:45,57.75,1.11,20.0
2024-11-14 15:42:46,57.75,1.28,20.0
2024-11-14 15:42:48,57.125,0.94,20.0
2024-11-14 15:42:49,57.25,1.11,20.0
2024-11-14 15:42:50,57.5,1.27,20.0
2024-11-14 15:42:52,57.25,0.84,20.0
2024-11-14 15:42:53,57.125,0.83,20.0
2024-11-14 15:42:54,57.0,0.88,20.0
2024-11-14 15:42:56,57.0,1.21,20.0
2024-11-14 15:42:57,57.0,1.37,20.0
2024-11-14 15:42:58,57.375,1.38,20.0
2024-11-14 15:42:59,57.625,1.27,20.0
2024-11-14 15:43:01,59.125,1.19,20.0
2024-11-14 15:43:02,58.875,1.32,20.0
2024-11-14 15:43:03,58.75,1.46,20.0
2024-11-14 15:43:05,58.375,0.95,20.0
2024-11-14 15:43:06,58.875,1.78,20.0
2024-11-14 15:43:07,59.5,1.67,20.0
2024-11-14 15:43:09,59.5,1.24,20.0
2024-11-14 15:43:10,59.375,1.32,20.0
2024-11-14 15:43:11,59.75,1.26,20.0
2024-11-14 15:43:13,59.375,1.18,20.0
2024-11-14 15:43:14,58.625,0.99,20.0
2024-11-14 15:43:15,58.5,0.78,20.0
2024-11-14 15:43:16,58.25,0.96,20.0
2024-11-14 15:43:18,57.875,0.87,20.0
2024-11-14 15:43:19,57.875,0.99,20.0
2024-11-14 15:43:20,57.875,0.85,20.0
2024-11-14 15:43:22,57.5,0.71,20.0
2024-11-14 15:43:23,57.875,1.2,20.0
2024-11-14 15:43:24,57.875,0.9,20.0
2024-11-14 15:43:25,57.875,0.96,20.0
2024-11-14 15:43:27,57.75,0.96,20.0
2024-11-14 15:43:28,57.75,1.02,20.0
2024-11-14 15:43:29,57.75,1.01,20.0
2024-11-14 15:43:31,58.25,1.03,20.0
2024-11-14 15:43:32,58.25,1.05,20.0
2024-11-14 15:43:33,58.25,1.01,20.0
2024-11-14 15:43:35,58.25,1.22,20.0
2024-11-14 15:43:36,58.25,0.95,20.0
2024-11-14 15:43:37,58.25,1.11,20.0
2024-11-14 15:43:39,58.25,1.11,20.0
2024-11-14 15:43:40,58.875,1.38,20.0
2024-11-14 15:43:41,58.75,1.12,20.0
2024-11-14 15:43:42,59.5,1.3,20.0
2024-11-14 15:43:44,62.375,2.1,20.0
2024-11-14 15:43:45,62.875,1.72,20.0
2024-11-14 15:43:46,62.5,1.36,20.0
2024-11-14 15:43:48,62.0,1.51,20.0
2024-11-14 15:43:49,61.875,1.77,20.0
2024-11-14 15:43:50,62.125,2.12,20.0
2024-11-14 15:43:52,61.75,1.54,20.0
2024-11-14 15:43:53,61.375,1.1,20.0
2024-11-14 15:43:54,61.5,1.59,20.0
2024-11-14 15:43:56,60.875,0.66,20.0
2024-11-14 15:43:57,60.75,1.32,20.0
2024-11-14 15:43:58,60.875,1.42,20.0
2024-11-14 15:44:00,62.125,1.84,20.0
2024-11-14 15:44:01,63.5,2.02,20.0
2024-11-14 15:44:02,64.0,1.95,20.0
2024-11-14 15:44:03,64.25,1.66,20.0
2024-11-14 15:44:05,63.375,1.19,20.0
2024-11-14 15:44:06,62.875,1.27,20.0
2024-11-14 15:44:07,62.375,0.94,20.0
2024-11-14 15:44:09,61.375,0.95,20.0
2024-11-14 15:44:10,61.0,0.64,20.0
2024-11-14 15:44:11,60.625,0.94,20.0
2024-11-14 15:44:13,60.5,0.87,20.0
2024-11-14 15:44:14,63.625,1.83,20.0
2024-11-14 15:44:15,64.375,2.24,20.0
2024-11-14 15:44:17,64.375,1.98,20.0
2024-11-14 15:44:18,64.25,1.46,20.0
2024-11-14 15:44:19,65.125,2.11,20.0
2024-11-14 15:44:20,65.5,1.61,20.0
2024-11-14 15:44:22,64.25,1.09,20.0
2024-11-14 15:44:23,63.75,0.72,20.0
2024-11-14 15:44:24,63.125,1.1,20.0
2024-11-14 15:44:26,62.0,0.65,20.0
2024-11-14 15:44:27,61.625,0.67,20.0
2024-11-14 15:44:28,61.375,1.04,20.0
2024-11-14 15:44:30,60.5,0.57,20.0
2024-11-14 15:44:31,60.625,1.12,20.0
2024-11-14 15:44:32,60.375,0.97,20.0
2024-11-14 15:44:34,60.25,1.25,20.0
2024-11-14 15:44:35,59.5,0.98,20.0
2024-11-14 15:44:36,59.25,0.88,20.0
2024-11-14 15:44:38,59.375,1.42,20.0
2024-11-14 15:44:39,60.75,2.01,20.0
2024-11-14 15:44:40,61.375,1.76,20.0
2024-11-14 15:44:41,60.875,1.57,20.0
2024-11-14 15:44:43,59.625,0.77,20.0
2024-11-14 15:44:44,59.125,1.11,20.0
2024-11-14 15:44:45,58.625,0.75,20.0
2024-11-14 15:44:47,59.5,1.51,20.0
2024-11-14 15:44:48,59.875,1.82,20.0
2024-11-14 15:44:49,59.875,1.6,20.0
2024-11-14 15:44:51,59.625,1.62,20.0
2024-11-14 15:44:52,58.875,1.29,20.0
2024-11-14 15:44:53,58.375,1.2,20.0
2024-11-14 15:44:55,57.875,0.92,20.0
2024-11-14 15:44:56,57.375,1.53,20.0
2024-11-14 15:44:57,57.0,1.19,20.0
2024-11-14 15:44:58,56.875,1.07,20.0
2024-11-14 15:45:00,56.0,0.54,20.0
2024-11-14 15:45:01,56.125,1.32,20.0
2024-11-14 15:45:02,56.0,1.26,20.0
2024-11-14 15:45:04,55.625,0.87,20.0
2024-11-14 15:45:05,55.0,1.1,20.0
2024-11-14 15:45:06,54.875,0.94,20.0
2024-11-14 15:45:07,54.875,1.08,20.0
2024-11-14 15:45:09,54.375,0.68,20.0
2024-11-14 15:45:10,54.25,1.01,20.0
2024-11-14 15:45:11,54.125,1.05,20.0
2024-11-14 15:45:13,54.25,1.11,20.0
2024-11-14 15:45:14,53.75,0.54,20.0
2024-11-14 15:45:15,53.625,0.92,20.0
2024-11-14 15:45:16,53.5,0.93,20.0
2024-11-14 15:45:18,53.125,0.93,21.0
2024-11-14 15:45:19,53.75,1.58,20.0
2024-11-14 15:45:20,54.875,1.86,20.0
2024-11-14 15:45:22,55.5,1.78,20.0
2024-11-14 15:45:23,56.25,1.75,20.0
2024-11-14 15:45:24,56.125,1.61,20.0
2024-11-14 15:45:26,55.625,1.15,20.0
2024-11-14 15:45:27,56.125,1.49,20.0
2024-11-14 15:45:28,55.875,1.66,20.0
2024-11-14 15:45:29,55.375,1.14,20.0
2024-11-14 15:45:31,54.75,1.64,20.0
2024-11-14 15:45:32,55.125,1.45,20.0
2024-11-14 15:45:33,54.75,0.97,20.0
2024-11-14 15:45:35,54.0,0.74,20.0
2024-11-14 15:45:36,53.875,1.02,20.0
2024-11-14 15:45:37,53.5,0.77,20.0
2024-11-14 15:45:38,53.125,0.71,21.0
2024-11-14 15:45:40,52.25,0.85,22.0
2024-11-14 15:45:41,52.125,1.01,22.0
2024-11-14 15:45:42,52.0,0.75,22.0
2024-11-14 15:45:44,51.5,0.53,23.0
2024-11-14 15:45:45,51.5,0.94,23.0
2024-11-14 15:45:46,51.5,0.75,23.0
2024-11-14 15:45:48,51.375,0.98,23.0
2024-11-14 15:45:49,51.125,1.07,24.0
2024-11-14 15:45:50,51.5,1.41,23.0
2024-11-14 15:45:51,51.5,1.07,23.0
2024-11-14 15:45:53,51.5,1.26,23.0
2024-11-14 15:45:54,52.0,1.35,22.0
2024-11-14 15:45:55,52.125,1.09,22.0
2024-11-14 15:45:57,52.0,0.9,22.0
2024-11-14 15:45:58,52.125,0.93,22.0
2024-11-14 15:45:59,51.875,1.06,23.0
2024-11-14 15:46:01,51.625,0.49,23.0
2024-11-14 15:46:02,52.375,1.85,22.0
2024-11-14 15:46:03,52.125,0.73,22.0
2024-11-14 15:46:04,52.0,1.35,22.0
2024-11-14 15:46:06,51.125,0.73,24.0
2024-11-14 15:46:07,51.0,1.06,24.0
2024-11-14 15:46:08,50.75,0.58,24.0
2024-11-14 15:46:10,50.5,0.93,25.0
2024-11-14 15:46:11,50.25,0.98,25.0
2024-11-14 15:46:12,50.0,0.76,25.0
2024-11-14 15:46:13,50.125,1.17,25.0
2024-11-14 15:46:15,49.5,0.53,26.0
2024-11-14 15:46:16,49.625,0.92,26.0
2024-11-14 15:46:17,49.5,0.86,26.0
2024-11-14 15:46:19,49.375,0.78,26.0
2024-11-14 15:46:20,49.625,0.98,26.0
2024-11-14 15:46:21,49.625,1.17,26.0
2024-11-14 15:46:22,49.75,1.13,26.0
2024-11-14 15:46:24,49.375,0.85,26.0
2024-11-14 15:46:25,49.375,0.76,26.0
2024-11-14 15:46:26,50.125,1.28,25.0
2024-11-14 15:46:28,50.625,1.15,25.0
2024-11-14 15:46:29,50.625,1.57,25.0
2024-11-14 15:46:30,50.625,1.51,25.0
2024-11-14 15:46:31,50.375,0.99,25.0
2024-11-14 15:46:33,50.25,0.67,25.0
2024-11-14 15:46:34,49.75,0.65,26.0
2024-11-14 15:46:35,49.5,0.79,26.0
2024-11-14 15:46:37,48.875,0.79,27.0
2024-11-14 15:46:38,48.75,0.92,27.0
2024-11-14 15:46:39,48.75,0.92,27.0
2024-11-14 15:46:40,48.75,0.66,27.0
2024-11-14 15:46:42,48.5,1.03,28.0
2024-11-14 15:46:43,48.25,0.67,28.0
2024-11-14 15:46:44,48.25,0.68,28.0
2024-11-14 15:46:46,48.0,0.73,28.0
2024-11-14 15:46:47,48.25,0.9,28.0
2024-11-14 15:46:48,48.625,0.82,28.0
2024-11-14 15:46:49,48.625,0.92,28.0
2024-11-14 15:46:51,49.0,0.96,27.0
2024-11-14 15:46:52,49.125,1.01,27.0
2024-11-14 15:46:53,49.25,1.01,27.0
2024-11-14 15:46:55,48.875,0.36,27.0
2024-11-14 15:46:56,49.125,1.15,27.0
2024-11-14 15:46:57,49.25,1.1,27.0
2024-11-14 15:46:59,49.125,0.73,27.0
2024-11-14 15:47:00,50.0,1.01,25.0
2024-11-14 15:47:01,50.75,1.3,24.0
2024-11-14 15:47:02,50.875,1.3,24.0
2024-11-14 15:47:04,51.25,1.24,24.0
2024-11-14 15:47:05,51.125,1.41,24.0
2024-11-14 15:47:06,50.875,0.92,24.0
2024-11-14 15:47:08,50.625,0.83,25.0
2024-11-14 15:47:09,50.75,0.97,24.0
2024-11-14 15:47:10,50.875,1.12,24.0
2024-11-14 15:47:11,50.875,0.96,24.0
2024-11-14 15:47:13,50.375,0.71,25.0
2024-11-14 15:47:14,50.5,1.02,25.0
2024-11-14 15:47:15,50.375,0.82,25.0
2024-11-14 15:47:17,50.25,0.63,25.0
2024-11-14 15:47:18,50.25,1.22,25.0
2024-11-14 15:47:19,50.25,0.77,25.0
2024-11-14 15:47:20,50.25,1.03,25.0
2024-11-14 15:47:22,50.125,0.85,25.0
2024-11-14 15:47:23,51.25,1.05,24.0
2024-11-14 15:47:24,52.5,1.15,22.0
2024-11-14 15:47:26,52.125,1.09,22.0
2024-11-14 15:47:27,51.375,0.9,23.0
2024-11-14 15:47:28,51.25,0.91,24.0
2024-11-14 15:47:29,51.375,1.0,23.0
2024-11-14 15:47:31,50.875,0.59,24.0
2024-11-14 15:47:32,51.5,1.18,23.0
2024-11-14 15:47:33,52.5,1.58,22.0
2024-11-14 15:47:35,52.5,0.78,22.0
2024-11-14 15:47:36,52.5,1.81,22.0
2024-11-14 15:47:37,52.25,1.02,22.0
2024-11-14 15:47:39,52.375,0.99,22.0
2024-11-14 15:47:40,51.75,0.85,23.0
2024-11-14 15:47:41,51.5,0.83,23.0
2024-11-14 15:47:42,51.375,0.76,23.0
2024-11-14 15:47:44,50.875,0.46,24.0
2024-11-14 15:47:45,50.75,0.99,24.0
2024-11-14 15:47:46,51.0,1.04,24.0
2024-11-14 15:47:48,51.125,0.86,24.0
2024-11-14 15:47:49,51.0,0.97,24.0
2024-11-14 15:47:50,51.625,1.43,23.0
2024-11-14 15:47:51,51.5,0.84,23.0
2024-11-14 15:47:53,51.375,0.46,23.0
2024-11-14 15:47:54,51.625,1.33,23.0
2024-11-14 15:47:55,51.625,1.02,23.0
2024-11-14 15:47:56,51.625,0.6,23.0
2024-11-14 15:47:58,51.25,0.85,24.0
2024-11-14 15:47:59,51.25,0.82,24.0
2024-11-14 15:48:00,51.25,0.97,24.0
2024-11-14 15:48:02,51.0,0.65,24.0
2024-11-14 15:48:03,51.75,1.29,23.0
2024-11-14 15:48:04,52.125,1.1,22.0
2024-11-14 15:48:06,52.5,1.07,22.0
2024-11-14 15:48:07,52.875,1.08,21.0
2024-11-14 15:48:08,53.0,1.51,21.0
2024-11-14 15:48:09,52.875,0.98,21.0
2024-11-14 15:48:11,52.375,0.74,22.0
2024-11-14 15:48:12,52.25,0.73,22.0
2024-11-14 15:48:13,52.125,1.03,22.0
2024-11-14 15:48:15,52.75,1.49,21.0
2024-11-14 15:48:16,52.75,1.03,21.0
2024-11-14 15:48:17,53.25,1.76,21.0
2024-11-14 15:48:18,53.0,0.85,21.0
2024-11-14 15:48:20,52.625,0.9,22.0
2024-11-14 15:48:21,52.5,1.0,22.0
2024-11-14 15:48:22,52.375,0.79,22.0
2024-11-14 15:48:24,52.5,0.87,22.0
2024-11-14 15:48:25,52.0,0.84,22.0
2024-11-14 15:48:26,52.125,1.05,22.0
2024-11-14 15:48:27,52.125,0.96,22.0
2024-11-14 15:48:29,52.125,0.9,22.0
2024-11-14 15:48:30,52.0,0.79,22.0
2024-11-14 15:48:31,52.25,0.95,22.0
2024-11-14 15:48:33,52.25,0.78,22.0
2024-11-14 15:48:34,52.75,1.2,21.0
2024-11-14 15:48:35,52.625,1.01,22.0
2024-11-14 15:48:36,52.5,0.78,22.0
2024-11-14 15:48:38,52.875,1.1,21.0
2024-11-14 15:48:39,53.375,1.53,20.0
2024-11-14 15:48:40,53.625,1.43,20.0
2024-11-14 15:48:42,53.875,1.06,20.0
2024-11-14 15:48:43,54.125,1.42,20.0
2024-11-14 15:48:44,53.75,1.06,20.0
2024-11-14 15:48:46,53.5,0.61,20.0
2024-11-14 15:48:47,52.875,0.62,21.0
2024-11-14 15:48:48,52.75,1.09,21.0
2024-11-14 15:48:49,52.625,0.83,22.0
2024-11-14 15:48:51,52.875,0.58,21.0
2024-11-14 15:48:52,53.0,0.99,21.0
2024-11-14 15:48:53,53.0,0.52,21.0
2024-11-14 15:48:54,52.875,0.6,21.0
2024-11-14 15:48:56,52.875,0.93,21.0
2024-11-14 15:48:57,53.0,1.16,21.0
2024-11-14 15:48:58,52.875,0.81,21.0
2024-11-14 15:49:00,52.625,0.63,22.0
2024-11-14 15:49:01,52.75,0.82,21.0
2024-11-14 15:49:02,52.75,1.01,21.0
2024-11-14 15:49:03,53.0,0.99,21.0
2024-11-14 15:49:05,53.5,0.95,20.0
2024-11-14 15:49:06,53.625,1.07,20.0
2024-11-14 15:49:07,53.5,0.85,20.0
2024-11-14 15:49:09,53.375,0.89,20.0
2024-11-14 15:49:10,53.25,1.03,21.0
2024-11-14 15:49:11,53.5,1.14,20.0
2024-11-14 15:49:12,54.125,1.11,20.0
2024-11-14 15:49:14,54.375,1.15,20.0
2024-11-14 15:49:15,54.5,1.05,20.0
2024-11-14 15:49:16,54.5,0.62,20.0
2024-11-14 15:49:18,55.625,1.93,20.0
2024-11-14 15:49:19,57.125,2.33,20.0
2024-11-14 15:49:20,56.875,1.75,20.0
2024-11-14 15:49:22,56.375,0.91,20.0
2024-11-14 15:49:23,55.875,1.07,20.0
2024-11-14 15:49:24,55.625,1.21,20.0
2024-11-14 15:49:25,55.25,1.14,20.0
2024-11-14 15:49:27,54.5,0.7,20.0
2024-11-14 15:49:28,54.125,0.81,20.0
2024-11-14 15:49:29,54.25,1.08,20.0
2024-11-14 15:49:31,54.0,0.82,20.0
2024-11-14 15:49:32,53.75,0.9,20.0
2024-11-14 15:49:33,53.75,1.03,20.0
2024-11-14 15:49:34,57.0,2.49,20.0
2024-11-14 15:49:36,57.625,1.51,20.0
2024-11-14 15:49:37,57.75,1.6,20.0
2024-11-14 15:49:38,58.75,2.79,20.0
2024-11-14 15:49:40,60.0,1.91,20.0
2024-11-14 15:49:41,60.625,2.37,20.0
2024-11-14 15:49:42,61.0,2.39,20.0
2024-11-14 15:49:44,60.75,2.33,20.0
2024-11-14 15:49:45,60.625,2.41,20.0
2024-11-14 15:49:46,60.375,1.34,20.0
2024-11-14 15:49:48,61.125,1.95,20.0
2024-11-14 15:49:49,61.75,2.25,20.0
2024-11-14 15:49:50,62.0,2.18,20.0
2024-11-14 15:49:52,62.125,2.57,20.0
2024-11-14 15:49:53,61.625,2.04,20.0
2024-11-14 15:49:54,61.375,2.54,20.0
2024-11-14 15:49:56,61.0,2.49,20.0
2024-11-14 15:49:57,60.25,0.99,20.0
2024-11-14 15:49:58,59.625,1.09,20.0
2024-11-14 15:50:00,59.0,0.74,20.0
2024-11-14 15:50:01,57.875,0.92,20.0
2024-11-14 15:50:02,57.625,1.22,20.0
2024-11-14 15:50:03,57.125,0.74,20.0
2024-11-14 15:50:05,57.125,1.37,20.0
2024-11-14 15:50:06,56.875,0.92,20.0
2024-11-14 15:50:07,56.625,0.92,20.0
2024-11-14 15:50:09,56.5,1.04,20.0
2024-11-14 15:50:10,55.875,0.97,20.0
2024-11-14 15:50:11,55.875,0.89,20.0
2024-11-14 15:50:12,56.125,1.21,20.0
2024-11-14 15:50:14,56.25,1.36,20.0
2024-11-14 15:50:15,58.25,2.2,20.0
2024-11-14 15:50:16,59.25,1.93,20.0
2024-11-14 15:50:18,61.875,2.19,20.0
2024-11-14 15:50:19,61.875,1.97,20.0
2024-11-14 15:50:20,61.625,1.62,20.0
2024-11-14 15:50:22,61.0,1.19,20.0
2024-11-14 15:50:23,59.75,0.82,20.0
2024-11-14 15:50:24,59.375,1.06,20.0
2024-11-14 15:50:25,59.0,1.02,20.0
2024-11-14 15:50:27,58.5,1.09,20.0
2024-11-14 15:50:28,58.5,1.17,20.0
2024-11-14 15:50:29,58.375,1.12,20.0
2024-11-14 15:50:31,57.625,0.76,20.0
2024-11-14 15:50:32,57.375,0.93,20.0
2024-11-14 15:50:33,57.125,1.15,20.0
2024-11-14 15:50:35,57.125,0.87,20.0
2024-11-14 15:50:36,57.375,0.98,20.0
2024-11-14 15:50:37,57.25,0.89,20.0
2024-11-14 15:50:38,57.125,0.91,20.0
2024-11-14 15:50:40,56.875,0.98,20.0
2024-11-14 15:50:41,56.875,0.85,20.0
2024-11-14 15:50:42,56.875,0.9,20.0
2024-11-14 15:50:44,56.75,0.79,20.0
2024-11-14 15:50:45,56.75,0.89,20.0
2024-11-14 15:50:46,56.75,1.13,20.0
2024-11-14 15:50:47,57.125,1.2,20.0
2024-11-14 15:50:49,57.0,0.97,20.0
2024-11-14 15:50:50,58.25,1.38,20.0
2024-11-14 15:50:51,58.875,1.6,20.0
2024-11-14 15:50:53,60.25,1.64,20.0
2024-11-14 15:50:54,60.125,1.8,20.0
2024-11-14 15:50:55,60.625,1.55,20.0
2024-11-14 15:50:57,59.5,0.72,20.0
2024-11-14 15:50:58,59.125,1.06,20.0
2024-11-14 15:50:59,58.75,1.0,20.0
2024-11-14 15:51:01,58.5,1.08,20.0
2024-11-14 15:51:02,57.75,0.92,20.0
2024-11-14 15:51:03,57.625,0.76,20.0
2024-11-14 15:51:04,57.875,1.08,20.0
2024-11-14 15:51:06,58.25,0.75,20.0
2024-11-14 15:51:07,58.125,1.08,20.0
2024-11-14 15:51:08,57.875,0.9,20.0
2024-11-14 15:51:10,57.5,0.71,20.0
2024-11-14 15:51:11,57.5,1.12,20.0
2024-11-14 15:51:12,57.625,1.03,20.0
2024-11-14 15:51:14,57.75,0.8,20.0
2024-11-14 15:51:15,57.375,0.97,20.0
2024-11-14 15:51:16,57.375,1.09,20.0
2024-11-14 15:51:17,57.5,0.96,20.0
2024-11-14 15:51:19,57.25,0.84,20.0
2024-11-14 15:51:20,57.25,1.08,20.0
2024-11-14 15:51:21,57.375,1.08,20.0
2024-11-14 15:51:23,58.125,1.07,20.0
2024-11-14 15:51:24,59.0,1.62,20.0
2024-11-14 15:51:25,59.25,1.35,20.0
2024-11-14 15:51:27,59.75,1.32,20.0
2024-11-14 15:51:28,59.5,1.17,20.0
2024-11-14 15:51:29,59.5,1.53,20.0
2024-11-14 15:51:31,61.25,2.23,20.0
2024-11-14 15:51:32,62.25,1.58,20.0
2024-11-14 15:51:33,62.375,1.9,20.0
2024-11-14 15:51:34,64.0,2.94,20.0
2024-11-14 15:51:36,65.25,2.12,20.0
2024-11-14 15:51:37,65.5,2.79,20.0
2024-11-14 15:51:38,64.875,1.62,20.0
2024-11-14 15:51:40,63.375,0.86,20.0
2024-11-14 15:51:41,62.75,1.04,20.0
2024-11-14 15:51:42,62.25,0.97,20.0
2024-11-14 15:51:44,61.125,0.59,20.0
2024-11-14 15:51:45,60.75,0.91,20.0
2024-11-14 15:51:46,60.375,0.83,20.0
2024-11-14 15:51:48,60.125,0.92,20.0
2024-11-14 15:51:49,60.125,1.18,20.0
2024-11-14 15:51:50,60.5,1.15,20.0
2024-11-14 15:51:51,60.25,0.9,20.0
2024-11-14 15:51:53,59.75,0.82,20.0
2024-11-14 15:51:54,60.0,1.35,20.0
2024-11-14 15:51:55,59.75,1.05,20.0
2024-11-14 15:51:57,60.75,1.27,20.0
2024-11-14 15:51:58,61.125,1.37,20.0
2024-11-14 15:51:59,61.0,1.09,20.0
2024-11-14 15:52:01,60.875,0.85,20.0
2024-11-14 15:52:02,60.5,0.94,20.0
2024-11-14 15:52:03,60.25,0.85,20.0
2024-11-14 15:52:05,60.25,1.11,20.0
2024-11-14 15:52:06,60.75,1.34,20.0
2024-11-14 15:52:07,60.5,0.92,20.0
2024-11-14 15:52:08,60.25,0.95,20.0
2024-11-14 15:52:10,59.75,0.77,20.0
2024-11-14 15:52:11,59.75,1.3,20.0
2024-11-14 15:52:12,59.75,0.96,20.0
2024-11-14 15:52:14,59.5,0.7,20.0
2024-11-14 15:52:15,59.5,0.97,20.0
2024-11-14 15:52:16,59.375,0.93,20.0
2024-11-14 15:52:18,59.5,1.28,20.0
2024-11-14 15:52:19,59.625,1.2,20.0
2024-11-14 15:52:20,59.625,0.93,20.0
2024-11-14 15:52:22,59.75,1.17,20.0
2024-11-14 15:52:23,59.375,1.03,20.0
2024-11-14 15:52:24,60.625,1.56,20.0
2024-11-14 15:52:25,60.75,1.17,20.0
2024-11-14 15:52:27,61.25,0.85,20.0
2024-11-14 15:52:28,60.875,1.03,20.0
2024-11-14 15:52:29,61.5,1.48,20.0
2024-11-14 15:52:31,61.75,1.07,20.0
2024-11-14 15:52:32,61.875,1.18,20.0
2024-11-14 15:52:33,62.0,0.98,20.0
2024-11-14 15:52:35,61.625,0.71,20.0
2024-11-14 15:52:36,61.0,1.39,20.0
2024-11-14 15:52:37,61.25,1.05,20.0
2024-11-14 15:52:38,61.625,1.12,20.0
2024-11-14 15:52:40,61.25,1.19,20.0
2024-11-14 15:52:41,61.375,1.01,20.0
2024-11-14 15:52:42,61.0,0.95,20.0
2024-11-14 15:52:44,60.25,0.92,20.0
2024-11-14 15:52:45,60.0,1.18,20.0
2024-11-14 15:52:46,59.75,1.01,20.0
2024-11-14 15:52:48,59.5,0.83,20.0
2024-11-14 15:52:49,59.0,1.2,20.0
2024-11-14 15:52:50,59.25,1.04,20.0
2024-11-14 15:52:52,59.125,1.29,20.0
2024-11-14 15:52:53,58.5,1.13,20.0
2024-11-14 15:52:54,58.375,0.72,20.0
2024-11-14 15:52:55,58.25,1.29,20.0
2024-11-14 15:52:57,57.75,0.93,20.0
2024-11-14 15:52:58,57.625,0.75,20.0
2024-11-14 15:52:59,57.75,1.35,20.0
2024-11-14 15:53:01,57.375,0.85,20.0
2024-11-14 15:53:02,58.875,2.09,20.0
2024-11-14 15:53:03,61.125,2.49,20.0
2024-11-14 15:53:05,61.375,1.12,20.0
2024-11-14 15:53:06,61.25,1.94,20.0
2024-11-14 15:53:07,61.125,1.81,20.0
2024-11-14 15:53:09,59.875,1.04,20.0
2024-11-14 15:53:10,59.375,1.42,20.0
2024-11-14 15:53:11,59.75,1.69,20.0
2024-11-14 15:53:13,59.625,1.35,20.0
2024-11-14 15:53:14,58.375,1.11,20.0
2024-11-14 15:53:15,57.875,1.04,20.0
2024-11-14 15:53:17,57.5,1.1,20.0
2024-11-14 15:53:18,56.75,1.36,20.0
2024-11-14 15:53:19,56.5,1.16,20.0
2024-11-14 15:53:21,56.25,0.92,20.0
2024-11-14 15:53:22,55.5,1.02,20.0
2024-11-14 15:53:23,55.25,0.84,20.0
2024-11-14 15:53:24,55.25,1.03,20.0
2024-11-14 15:53:26,54.625,0.76,20.0
2024-11-14 15:53:27,54.625,1.11,20.0
2024-11-14 15:53:28,54.75,1.39,20.0
2024-11-14 15:53:30,54.125,0.61,20.0
2024-11-14 15:53:31,54.125,1.13,20.0
2024-11-14 15:53:32,54.0,0.81,20.0
2024-11-14 15:53:34,54.125,0.93,20.0
2024-11-14 15:53:35,54.875,1.35,20.0
2024-11-14 15:53:36,55.0,1.16,20.0
2024-11-14 15:53:37,55.875,1.86,20.0
2024-11-14 15:53:39,55.5,0.95,20.0
2024-11-14 15:53:40,55.125,1.01,20.0
2024-11-14 15:53:41,54.75,0.92,20.0
2024-11-14 15:53:43,54.125,0.97,20.0
2024-11-14 15:53:44,54.125,1.34,20.0
2024-11-14 15:53:45,54.25,1.49,20.0
2024-11-14 15:53:47,54.5,1.39,20.0
2024-11-14 15:53:48,54.25,1.12,20.0
2024-11-14 15:53:49,54.0,1.16,20.0
2024-11-14 15:53:51,54.0,0.94,20.0
2024-11-14 15:53:52,54.625,0.94,20.0
2024-11-14 15:53:53,54.25,1.22,20.0
2024-11-14 15:53:54,53.875,0.95,20.0
2024-11-14 15:53:56,53.25,0.7,21.0
2024-11-14 15:53:57,53.0,1.01,21.0
2024-11-14 15:53:58,52.875,0.83,21.0
2024-11-14 15:54:00,52.25,0.7,22.0
2024-11-14 15:54:01,52.5,1.01,22.0
2024-11-14 15:54:02,52.375,0.86,22.0
2024-11-14 15:54:04,52.25,1.1,22.0
2024-11-14 15:54:05,51.875,1.01,23.0
2024-11-14 15:54:06,51.75,0.9,23.0
2024-11-14 15:54:07,52.0,1.08,22.0
2024-11-14 15:54:09,53.0,1.11,21.0
2024-11-14 15:54:10,53.25,1.2,21.0
2024-11-14 15:54:11,53.125,1.3,21.0
2024-11-14 15:54:13,53.125,1.11,21.0
2024-11-14 15:54:14,52.75,0.96,21.0
2024-11-14 15:54:15,52.5,0.94,22.0
2024-11-14 15:54:17,52.25,1.06,22.0
2024-11-14 15:54:18,51.875,1.01,23.0
2024-11-14 15:54:19,52.125,1.17,22.0
2024-11-14 15:54:21,54.0,2.53,20.0
2024-11-14 15:54:22,53.5,1.1,20.0
2024-11-14 15:54:23,53.125,1.21,21.0
2024-11-14 15:54:24,52.75,0.99,21.0
2024-11-14 15:54:26,52.0,0.72,22.0
2024-11-14 15:54:27,51.625,1.03,23.0
2024-11-14 15:54:28,51.75,1.34,23.0
2024-11-14 15:54:30,51.375,0.67,23.0
2024-11-14 15:54:31,52.125,1.11,22.0
2024-11-14 15:54:32,52.75,0.85,21.0
2024-11-14 15:54:34,53.125,1.6,21.0
2024-11-14 15:54:35,52.125,0.93,22.0
2024-11-14 15:54:36,51.75,0.91,23.0
2024-11-14 15:54:37,51.375,0.99,23.0
2024-11-14 15:54:39,51.25,0.58,24.0
2024-11-14 15:54:40,51.5,1.43,23.0
2024-11-14 15:54:41,52.0,1.38,22.0
2024-11-14 15:54:43,51.875,1.2,23.0
2024-11-14 15:54:44,51.625,0.65,23.0
2024-11-14 15:54:45,51.625,1.07,23.0
2024-11-14 15:54:47,51.25,0.85,24.0
2024-11-14 15:54:48,50.875,0.95,24.0
2024-11-14 15:54:49,50.75,0.96,24.0
2024-11-14 15:54:51,51.625,1.54,23.0
2024-11-14 15:54:52,51.125,1.08,24.0
2024-11-14 15:54:53,51.25,1.11,24.0
2024-11-14 15:54:54,50.875,0.99,24.0
2024-11-14 15:54:56,50.25,0.68,25.0
2024-11-14 15:54:57,50.0,0.63,25.0
2024-11-14 15:54:58,50.0,0.9,25.0
2024-11-14 15:55:00,49.875,0.77,26.0
2024-11-14 15:55:01,49.875,1.0,26.0
2024-11-14 15:55:02,49.875,0.83,26.0
2024-11-14 15:55:04,49.75,0.59,26.0
2024-11-14 15:55:05,49.5,0.65,26.0
2024-11-14 15:55:06,49.375,1.09,26.0
2024-11-14 15:55:07,49.25,1.02,27.0
2024-11-14 15:55:09,49.625,0.65,26.0
2024-11-14 15:55:10,49.5,0.98,26.0
2024-11-14 15:55:11,49.375,1.11,26.0
2024-11-14 15:55:13,49.125,0.66,27.0
2024-11-14 15:55:14,49.75,1.07,26.0
2024-11-14 15:55:15,50.125,1.25,25.0
2024-11-14 15:55:17,50.375,0.99,25.0
2024-11-14 15:55:18,50.75,1.15,24.0
2024-11-14 15:55:19,50.5,0.95,25.0
2024-11-14 15:55:20,50.25,0.63,25.0
2024-11-14 15:55:22,49.625,0.69,26.0
2024-11-14 15:55:23,49.625,0.69,26.0
2024-11-14 15:55:24,49.625,0.6,26.0
2024-11-14 15:55:26,49.625,0.89,26.0
2024-11-14 15:55:27,49.375,0.66,26.0
2024-11-14 15:55:28,49.5,1.09,26.0
2024-11-14 15:55:29,49.625,0.62,26.0
2024-11-14 15:55:31,49.375,0.74,26.0
2024-11-14 15:55:32,49.875,0.98,26.0
2024-11-14 15:55:33,49.875,0.88,26.0
2024-11-14 15:55:35,49.75,0.59,26.0
2024-11-14 15:55:36,49.875,0.9,26.0
2024-11-14 15:55:37,50.0,0.65,25.0
2024-11-14 15:55:39,50.125,0.51,25.0
2024-11-14 15:55:40,50.75,0.66,24.0
2024-11-14 15:55:41,50.625,0.74,25.0
2024-11-14 15:55:43,50.625,0.61,25.0
2024-11-14 15:55:44,50.5,0.72,25.0
2024-11-14 15:55:45,50.5,1.02,25.0
2024-11-14 15:55:46,50.75,0.92,24.0
2024-11-14 15:55:48,51.875,1.34,23.0
2024-11-14 15:55:49,52.125,1.17,22.0
2024-11-14 15:55:50,52.875,1.24,21.0
2024-11-14 15:55:52,52.375,0.73,22.0
2024-11-14 15:55:53,52.125,1.01,22.0
2024-11-14 15:55:54,51.875,0.86,23.0
2024-11-14 15:55:56,52.0,1.01,22.0
2024-11-14 15:55:57,52.375,1.13,22.0
2024-11-14 15:55:58,52.625,1.45,22.0
2024-11-14 15:55:59,52.75,1.13,21.0
2024-11-14 15:56:01,52.25,1.13,22.0
2024-11-14 15:56:02,52.125,0.92,22.0
2024-11-14 15:56:03,52.0,0.78,22.0
2024-11-14 15:56:05,52.0,0.84,22.0
2024-11-14 15:56:06,51.75,0.95,23.0
2024-11-14 15:56:07,51.75,0.98,23.0
2024-11-14 15:56:09,51.75,0.85,23.0
2024-11-14 15:56:10,52.375,0.88,22.0
2024-11-14 15:56:11,52.25,1.0,22.0
2024-11-14 15:56:13,52.25,1.12,22.0
2024-11-14 15:56:14,52.0,0.94,22.0
2024-11-14 15:56:15,52.125,0.8,22.0
2024-11-14 15:56:16,52.125,0.95,22.0
2024-11-14 15:56:18,51.875,0.6,23.0
2024-11-14 15:56:19,52.0,0.98,22.0
2024-11-14 15:56:20,53.25,1.56,21.0
2024-11-14 15:56:22,53.625,1.17,20.0
2024-11-14 15:56:23,54.625,1.75,20.0
2024-11-14 15:56:24,55.0,1.48,20.0
2024-11-14 15:56:26,54.875,1.09,20.0
2024-11-14 15:56:27,54.375,0.99,20.0
2024-11-14 15:56:28,54.0,1.0,20.0
2024-11-14 15:56:30,53.75,0.92,20.0
2024-11-14 15:56:31,55.125,1.74,20.0
2024-11-14 15:56:32,54.625,1.05,20.0
2024-11-14 15:56:33,54.375,1.01,20.0
2024-11-14 15:56:35,54.25,1.3,20.0
2024-11-14 15:56:36,54.0,0.89,20.0
2024-11-14 15:56:37,53.875,1.05,20.0
2024-11-14 15:56:39,54.0,0.92,20.0
2024-11-14 15:56:40,54.0,1.05,20.0
2024-11-14 15:56:41,53.875,1.27,20.0
2024-11-14 15:56:43,54.125,1.38,20.0
2024-11-14 15:56:44,54.125,1.09,20.0
2024-11-14 15:56:45,54.0,1.06,20.0
2024-11-14 15:56:47,53.875,0.98,20.0
2024-11-14 15:56:48,53.5,0.78,20.0
2024-11-14 15:56:49,53.625,0.77,20.0
2024-11-14 15:56:50,54.25,1.01,20.0
2024-11-14 15:56:52,54.25,1.08,20.0
2024-11-14 15:56:53,55.0,1.46,20.0
2024-11-14 15:56:54,55.125,1.31,20.0
2024-11-14 15:56:56,55.5,1.28,20.0
2024-11-14 15:56:57,55.75,1.21,20.0
2024-11-14 15:56:58,55.375,1.01,20.0
2024-11-14 15:56:59,55.125,0.98,20.0
2024-11-14 15:57:01,55.125,1.47,20.0
2024-11-14 15:57:02,55.5,1.33,20.0
2024-11-14 15:57:03,55.625,1.27,20.0
2024-11-14 15:57:05,55.5,0.79,20.0
2024-11-14 15:57:06,55.375,1.03,20.0
2024-11-14 15:57:07,55.125,0.82,20.0
2024-11-14 15:57:09,54.875,0.92,20.0
2024-11-14 15:57:10,55.375,1.5,20.0
2024-11-14 15:57:11,55.25,0.95,20.0
2024-11-14 15:57:13,55.125,0.89,20.0
2024-11-14 15:57:14,54.75,0.78,20.0
2024-11-14 15:57:15,54.625,0.83,20.0
2024-11-14 15:57:16,54.5,0.89,20.0
2024-11-14 15:57:18,54.625,0.83,20.0
2024-11-14 15:57:19,54.625,0.84,20.0
2024-11-14 15:57:20,54.75,0.98,20.0
2024-11-14 15:57:22,54.625,1.01,20.0
2024-11-14 15:57:23,54.5,0.77,20.0
2024-11-14 15:57:24,54.625,0.97,20.0
2024-11-14 15:57:26,54.875,0.99,20.0
2024-11-14 15:57:27,57.25,1.18,20.0
2024-11-14 15:57:28,59.0,1.97,20.0
2024-11-14 15:57:30,58.75,1.57,20.0
2024-11-14 15:57:31,58.0,1.26,20.0
2024-11-14 15:57:32,57.625,1.04,20.0
2024-11-14 15:57:33,57.125,0.91,20.0
2024-11-14 15:57:35,56.375,0.71,20.0
2024-11-14 15:57:36,56.25,1.19,20.0
2024-11-14 15:57:37,56.0,0.96,20.0
2024-11-14 15:57:39,55.625,0.65,20.0
2024-11-14 15:57:40,56.375,0.94,20.0
2024-11-14 15:57:41,56.25,0.94,20.0
2024-11-14 15:57:43,56.125,0.81,20.0
2024-11-14 15:57:44,55.75,0.82,20.0
2024-11-14 15:57:45,55.75,1.08,20.0
2024-11-14 15:57:46,55.75,1.07,20.0
2024-11-14 15:57:48,55.5,0.9,20.0
2024-11-14 15:57:49,56.125,1.32,20.0
2024-11-14 15:57:50,58.5,1.73,20.0
2024-11-14 15:57:52,59.5,1.22,20.0
2024-11-14 15:57:53,58.875,0.91,20.0
2024-11-14 15:57:54,58.5,1.09,20.0
2024-11-14 15:57:56,58.0,1.22,20.0
2024-11-14 15:57:57,57.125,1.01,20.0
2024-11-14 15:57:58,57.875,1.45,20.0
2024-11-14 15:57:59,58.5,1.68,20.0
2024-11-14 15:58:01,58.375,1.15,20.0
2024-11-14 15:58:02,58.375,1.36,20.0
2024-11-14 15:58:03,58.375,1.58,20.0
2024-11-14 15:58:05,57.875,1.2,20.0
2024-11-14 15:58:06,59.125,1.76,20.0
2024-11-14 15:58:07,60.125,1.68,20.0
2024-11-14 15:58:09,60.0,1.29,20.0
2024-11-14 15:58:10,59.75,1.43,20.0
2024-11-14 15:58:11,59.625,1.32,20.0
2024-11-14 15:58:13,59.0,0.89,20.0
2024-11-14 15:58:14,58.25,1.07,20.0
2024-11-14 15:58:15,58.125,1.11,20.0
2024-11-14 15:58:16,58.125,1.08,20.0
2024-11-14 15:58:18,57.375,0.9,20.0
2024-11-14 15:58:19,58.125,1.74,20.0
2024-11-14 15:58:20,57.75,0.86,20.0
2024-11-14 15:58:22,57.25,0.65,20.0
2024-11-14 15:58:23,57.125,0.74,20.0
2024-11-14 15:58:24,57.0,0.89,20.0
2024-11-14 15:58:26,57.0,1.03,20.0
2024-11-14 15:58:27,56.625,0.87,20.0
2024-11-14 15:58:28,56.875,1.42,20.0
2024-11-14 15:58:29,57.5,1.63,20.0
2024-11-14 15:58:31,57.125,0.87,20.0
2024-11-14 15:58:32,57.875,1.32,20.0
2024-11-14 15:58:33,58.375,1.59,20.0
2024-11-14 15:58:35,58.375,1.09,20.0
2024-11-14 15:58:36,58.125,1.26,20.0
2024-11-14 15:58:37,58.0,1.32,20.0
2024-11-14 15:58:38,57.75,0.87,20.0
2024-11-14 15:58:40,57.25,0.87,20.0
2024-11-14 15:58:41,57.875,1.4,20.0
2024-11-14 15:58:42,57.625,0.8,20.0
2024-11-14 15:58:44,57.5,0.88,20.0
2024-11-14 15:58:45,57.25,1.09,20.0
2024-11-14 15:58:46,57.125,0.98,20.0
2024-11-14 15:58:47,57.0,0.81,20.0
2024-11-14 15:58:49,56.625,0.61,20.0
2024-11-14 15:58:50,57.125,1.11,20.0
2024-11-14 15:58:51,57.0,0.66,20.0
2024-11-14 15:58:53,57.0,1.02,20.0
2024-11-14 15:58:54,56.875,1.15,20.0
2024-11-14 15:58:55,57.25,1.06,20.0
2024-11-14 15:58:56,57.125,0.82,20.0
2024-11-14 15:58:58,56.75,0.77,20.0
2024-11-14 15:58:59,56.875,1.12,20.0
2024-11-14 15:59:00,56.75,0.95,20.0
2024-11-14 15:59:02,56.75,0.87,20.0
2024-11-14 15:59:03,57.0,1.19,20.0
2024-11-14 15:59:04,58.125,1.71,20.0
2024-11-14 15:59:06,58.75,1.26,20.0
2024-11-14 15:59:07,58.75,0.99,20.0
2024-11-14 15:59:08,58.75,1.15,20.0
2024-11-14 15:59:09,58.375,0.77,20.0
2024-11-14 15:59:11,58.5,1.35,20.0
2024-11-14 15:59:12,58.375,1.14,20.0
2024-11-14 15:59:13,58.25,1.06,20.0
2024-11-14 15:59:15,58.375,1.61,20.0
2024-11-14 15:59:16,58.125,1.19,20.0
2024-11-14 15:59:17,58.25,1.07,20.0
2024-11-14 15:59:18,58.125,1.05,20.0
2024-11-14 15:59:20,58.625,1.19,20.0
2024-11-14 15:59:21,59.625,1.45,20.0
2024-11-14 15:59:22,59.125,0.71,20.0
2024-11-14 15:59:24,58.375,0.63,20.0
2024-11-14 15:59:25,58.125,0.89,20.0
2024-11-14 15:59:26,57.875,0.85,20.0
2024-11-14 15:59:27,57.625,0.67,20.0
2024-11-14 15:59:29,57.5,1.1,20.0
2024-11-14 15:59:30,57.625,1.04,20.0
2024-11-14 15:59:31,57.5,0.94,20.0
2024-11-14 15:59:33,57.375,0.5,20.0
2024-11-14 15:59:34,57.125,0.95,20.0
2024-11-14 15:59:35,58.25,1.71,20.0
2024-11-14 15:59:37,58.375,1.39,20.0
2024-11-14 15:59:38,60.25,2.32,20.0
2024-11-14 15:59:39,62.5,2.35,20.0
2024-11-14 15:59:41,63.5,2.73,20.0
2024-11-14 15:59:42,62.5,1.42,20.0
2024-11-14 15:59:43,62.0,1.33,20.0
2024-11-14 15:59:45,61.5,1.3,20.0
2024-11-14 15:59:46,60.375,1.12,20.0
2024-11-14 15:59:47,60.0,1.03,20.0
2024-11-14 15:59:48,59.625,0.98,20.0
2024-11-14 15:59:50,60.25,1.89,20.0
2024-11-14 15:59:51,59.875,0.9,20.0
2024-11-14 15:59:52,59.5,1.1,20.0
2024-11-14 15:59:54,59.25,1.18,20.0
2024-11-14 15:59:55,58.625,0.96,20.0
2024-11-14 15:59:56,58.625,1.09,20.0
2024-11-14 15:59:57,59.0,1.17,20.0
2024-11-14 15:59:59,58.625,0.92,20.0
2024-11-14 16:00:00,58.375,0.79,20.0
2024-11-14 16:00:01,58.5,0.99,20.0
2024-11-14 16:00:03,58.375,0.9,20.0
2024-11-14 16:00:04,58.25,1.22,20.0
2024-11-14 16:00:05,58.25,0.87,20.0
2024-11-14 16:00:06,58.125,0.82,20.0
2024-11-14 16:00:08,57.75,0.6,20.0
2024-11-14 16:00:09,58.5,1.58,20.0
2024-11-14 16:00:10,59.25,1.16,20.0
2024-11-14 16:00:12,59.5,1.06,20.0
2024-11-14 16:00:13,60.125,1.11,20.0
2024-11-14 16:00:14,59.75,0.87,20.0
2024-11-14 16:00:15,59.625,1.04,20.0
2024-11-14 16:00:17,58.875,0.46,20.0
2024-11-14 16:00:18,58.875,1.01,20.0
2024-11-14 16:00:19,58.875,0.92,20.0
2024-11-14 16:00:21,59.25,1.51,20.0
2024-11-14 16:00:22,59.25,1.01,20.0
2024-11-14 16:00:23,59.25,1.27,20.0
2024-11-14 16:00:24,59.25,1.19,20.0
2024-11-14 16:00:26,58.625,0.59,20.0
2024-11-14 16:00:27,58.625,0.96,20.0
2024-11-14 16:00:28,58.625,0.82,20.0
2024-11-14 16:00:30,58.5,0.83,20.0
2024-11-14 16:00:31,58.125,0.83,20.0
2024-11-14 16:00:32,58.625,1.28,20.0
2024-11-14 16:00:33,58.5,1.01,20.0
2024-11-14 16:00:35,58.375,0.79,20.0
2024-11-14 16:00:36,58.5,0.92,20.0
2024-11-14 16:00:37,58.5,0.95,20.0
2024-11-14 16:00:39,58.75,1.28,20.0
2024-11-14 16:00:40,58.5,0.74,20.0
2024-11-14 16:00:41,58.75,1.12,20.0
2024-11-14 16:00:42,59.375,1.47,20.0
2024-11-14 16:00:44,59.5,1.15,20.0
2024-11-14 16:00:45,60.125,1.54,20.0
2024-11-14 16:00:46,60.5,1.72,20.0
2024-11-14 16:00:48,60.75,1.15,20.0
2024-11-14 16:00:49,60.375,0.72,20.0
2024-11-14 16:00:50,60.375,1.46,20.0
2024-11-14 16:00:52,60.0,1.14,20.0
2024-11-14 16:00:53,59.25,0.67,20.0
2024-11-14 16:00:54,59.0,0.87,20.0
2024-11-14 16:00:55,59.375,1.3,20.0
2024-11-14 16:00:57,58.875,0.6,20.0
2024-11-14 16:00:58,58.75,0.9,20.0
2024-11-14 16:00:59,58.75,0.94,20.0
2024-11-14 16:01:01,58.875,1.06,20.0
2024-11-14 16:01:02,58.375,0.76,20.0
2024-11-14 16:01:03,58.625,1.06,20.0
2024-11-14 16:01:04,59.0,1.55,20.0
2024-11-14 16:01:06,58.75,0.74,20.0
2024-11-14 16:01:07,58.625,0.58,20.0
2024-11-14 16:01:08,58.5,0.8,20.0
2024-11-14 16:01:10,58.5,0.93,20.0
2024-11-14 16:01:11,58.5,1.16,20.0
2024-11-14 16:01:12,58.875,1.18,20.0
2024-11-14 16:01:13,59.375,1.31,20.0
2024-11-14 16:01:15,59.125,0.74,20.0
2024-11-14 16:01:16,59.75,1.02,20.0
2024-11-14 16:01:17,60.125,1.6,20.0
2024-11-14 16:01:19,60.5,1.56,20.0
2024-11-14 16:01:20,60.0,0.57,20.0
2024-11-14 16:01:21,59.75,0.91,20.0
2024-11-14 16:01:22,59.5,0.77,20.0
2024-11-14 16:01:24,59.25,0.87,20.0
2024-11-14 16:01:25,59.625,1.35,20.0
2024-11-14 16:01:26,59.625,1.17,20.0
2024-11-14 16:01:28,59.625,1.07,20.0
2024-11-14 16:01:29,59.875,0.87,20.0
2024-11-14 16:01:30,59.625,0.7,20.0
2024-11-14 16:01:31,59.625,1.02,20.0
2024-11-14 16:01:33,59.0,0.86,20.0
2024-11-14 16:01:34,59.125,1.22,20.0
2024-11-14 16:01:35,59.125,0.95,20.0
2024-11-14 16:01:37,59.125,0.59,20.0
2024-11-14 16:01:38,58.875,1.04,20.0
2024-11-14 16:01:39,59.0,1.14,20.0
2024-11-14 16:01:40,58.875,0.83,20.0
2024-11-14 16:01:42,58.75,0.84,20.0
2024-11-14 16:01:43,59.625,1.09,20.0
2024-11-14 16:01:44,59.375,0.8,20.0
2024-11-14 16:01:46,59.25,0.91,20.0
2024-11-14 16:01:47,59.0,1.1,20.0
2024-11-14 16:01:48,59.0,0.77,20.0
2024-11-14 16:01:49,58.875,0.87,20.0
2024-11-14 16:01:51,60.125,1.27,20.0
2024-11-14 16:01:52,60.375,1.16,20.0
2024-11-14 16:01:53,60.625,1.4,20.0
2024-11-14 16:01:55,60.375,0.84,20.0
2024-11-14 16:01:56,60.0,0.87,20.0
2024-11-14 16:01:57,59.75,0.98,20.0
2024-11-14 16:01:59,59.625,0.93,20.0
2024-11-14 16:02:00,59.25,0.88,20.0
2024-11-14 16:02:01,59.125,1.03,20.0
2024-11-14 16:02:02,59.125,0.93,20.0
2024-11-14 16:02:04,59.0,0.91,20.0
2024-11-14 16:02:05,59.0,0.77,20.0
2024-11-14 16:02:06,59.25,1.11,20.0
2024-11-14 16:02:08,59.125,0.75,20.0
2024-11-14 16:02:09,58.75,0.76,20.0
2024-11-14 16:02:10,59.0,1.07,20.0
2024-11-14 16:02:11,58.875,0.93,20.0
2024-11-14 16:02:13,58.875,0.77,20.0
2024-11-14 16:02:14,59.375,0.97,20.0
2024-11-14 16:02:15,59.25,0.93,20.0
2024-11-14 16:02:16,59.125,0.77,20.0
2024-11-14 16:02:18,58.625,0.64,20.0
2024-11-14 16:02:19,59.0,0.86,20.0
2024-11-14 16:02:20,59.0,0.88,20.0
2024-11-14 16:02:22,60.5,1.38,20.0
2024-11-14 16:02:23,60.625,1.09,20.0
2024-11-14 16:02:24,60.625,1.17,20.0
2024-11-14 16:02:26,60.5,1.28,20.0
2024-11-14 16:02:27,60.0,1.07,20.0
2024-11-14 16:02:28,59.75,0.96,20.0
2024-11-14 16:02:29,59.5,0.71,20.0
2024-11-14 16:02:31,59.25,0.96,20.0
2024-11-14 16:02:32,59.875,1.46,20.0
2024-11-14 16:02:33,60.25,1.47,20.0
2024-11-14 16:02:35,60.25,1.07,20.0
2024-11-14 16:02:36,60.875,1.87,20.0
2024-11-14 16:02:37,61.25,1.62,20.0
2024-11-14 16:02:39,61.375,1.57,20.0
2024-11-14 16:02:40,63.5,1.81,20.0
2024-11-14 16:02:41,64.0,1.68,20.0
2024-11-14 16:02:43,64.5,1.51,20.0
2024-11-14 16:02:44,66.5,2.36,20.0
2024-11-14 16:02:45,66.125,1.7,20.0
2024-11-14 16:02:47,65.5,1.35,20.0
2024-11-14 16:02:48,63.875,0.79,20.0
2024-11-14 16:02:49,63.25,0.93,20.0
2024-11-14 16:02:51,64.125,1.93,20.0
2024-11-14 16:02:52,65.375,1.8,20.0
2024-11-14 16:02:53,65.375,1.98,20.0
2024-11-14 16:02:54,65.5,1.57,20.0
2024-11-14 16:02:56,65.125,2.6,20.0
2024-11-14 16:02:57,64.5,1.47,20.0
2024-11-14 16:02:58,63.875,1.2,20.0
2024-11-14 16:03:00,62.75,1.14,20.0
2024-11-14 16:03:01,62.25,0.86,20.0
2024-11-14 16:03:02,61.625,0.97,20.0
2024-11-14 16:03:04,61.125,0.93,20.0
2024-11-14 16:03:05,60.125,1.19,20.0
2024-11-14 16:03:06,60.125,1.53,20.0
2024-11-14 16:03:07,60.375,1.74,20.0
2024-11-14 16:03:09,60.0,1.47,20.0
2024-11-14 16:03:10,60.125,1.65,20.0
2024-11-14 16:03:11,60.0,1.26,20.0
2024-11-14 16:03:13,59.875,1.9,20.0
2024-11-14 16:03:14,60.0,1.42,20.0
2024-11-14 16:03:15,59.625,1.36,20.0
2024-11-14 16:03:17,59.25,1.81,20.0
2024-11-14 16:03:18,58.75,2.09,20.0
2024-11-14 16:03:19,59.0,1.99,20.0
2024-11-14 16:03:21,58.0,0.66,20.0
2024-11-14 16:03:22,57.625,0.88,20.0
2024-11-14 16:03:23,57.5,1.37,20.0
2024-11-14 16:03:25,57.25,1.01,20.0
2024-11-14 16:03:26,56.625,0.96,20.0
2024-11-14 16:03:27,57.375,1.85,20.0
2024-11-14 16:03:29,58.25,1.94,20.0
2024-11-14 16:03:30,58.75,1.92,20.0
2024-11-14 16:03:31,59.25,2.26,20.0
2024-11-14 16:03:33,59.375,1.66,20.0
2024-11-14 16:03:34,59.0,0.53,20.0
2024-11-14 16:03:35,58.375,1.03,20.0
2024-11-14 16:03:37,57.875,0.99,20.0
2024-11-14 16:03:38,57.0,1.14,20.0
2024-11-14 16:03:39,56.75,1.34,20.0
2024-11-14 16:03:40,56.5,1.09,20.0
2024-11-14 16:03:42,55.625,0.84,20.0
2024-11-14 16:03:43,55.375,1.14,20.0
2024-11-14 16:03:44,55.375,0.73,20.0
2024-11-14 16:03:46,55.25,0.95,20.0
2024-11-14 16:03:47,54.625,0.92,20.0
2024-11-14 16:03:48,54.875,1.24,20.0
2024-11-14 16:03:50,55.25,1.24,20.0
2024-11-14 16:03:51,54.625,0.87,20.0
2024-11-14 16:03:52,54.5,1.1,20.0
2024-11-14 16:03:53,54.25,0.74,20.0
2024-11-14 16:03:55,53.625,0.56,20.0
2024-11-14 16:03:56,53.5,0.93,20.0
2024-11-14 16:03:57,53.375,0.86,20.0
2024-11-14 16:03:59,53.25,1.01,21.0
2024-11-14 16:04:00,52.75,0.83,21.0
2024-11-14 16:04:01,53.0,1.09,21.0
2024-11-14 16:04:02,53.75,1.39,20.0
2024-11-14 16:04:04,54.25,0.8,20.0
2024-11-14 16:04:05,54.375,1.32,20.0
2024-11-14 16:04:06,54.25,1.23,20.0
2024-11-14 16:04:08,53.875,0.78,20.0
2024-11-14 16:04:09,53.25,0.5,21.0
2024-11-14 16:04:10,53.0,0.93,21.0
2024-11-14 16:04:12,52.875,1.02,21.0
2024-11-14 16:04:13,52.25,0.67,22.0
2024-11-14 16:04:14,52.125,0.98,22.0
2024-11-14 16:04:15,52.625,0.78,22.0
2024-11-14 16:04:17,52.375,0.92,22.0
2024-11-14 16:04:18,52.125,1.19,22.0
2024-11-14 16:04:19,51.875,0.81,23.0
2024-11-14 16:04:21,52.375,1.12,22.0
2024-11-14 16:04:22,52.625,1.09,22.0
2024-11-14 16:04:23,52.375,0.6,22.0
2024-11-14 16:04:24,52.375,1.14,22.0
2024-11-14 16:04:26,52.125,0.8,22.0
2024-11-14 16:04:27,51.5,0.91,23.0
2024-11-14 16:04:28,51.375,0.99,23.0
2024-11-14 16:04:29,51.25,0.7,24.0
2024-11-14 16:04:31,50.75,0.65,24.0
2024-11-14 16:04:32,50.5,0.88,25.0
2024-11-14 16:04:33,51.5,1.57,23.0
2024-11-14 16:04:35,51.75,1.32,23.0
2024-11-14 16:04:36,51.75,1.39,23.0
2024-11-14 16:04:37,51.75,0.94,23.0
2024-11-14 16:04:39,51.625,1.12,23.0
2024-11-14 16:04:40,51.0,1.18,24.0
2024-11-14 16:04:41,50.875,0.87,24.0
2024-11-14 16:04:42,50.75,0.7,24.0
2024-11-14 16:04:44,50.5,0.74,25.0
2024-11-14 16:04:45,51.375,1.38,23.0
2024-11-14 16:04:46,51.625,1.54,23.0
2024-11-14 16:04:48,51.5,1.1,23.0
2024-11-14 16:04:49,50.625,0.81,25.0
2024-11-14 16:04:50,50.875,0.92,24.0
2024-11-14 16:04:51,50.625,0.91,25.0
2024-11-14 16:04:53,50.125,0.86,25.0
2024-11-14 16:04:54,49.875,0.97,26.0
2024-11-14 16:04:55,49.75,0.96,26.0
2024-11-14 16:04:57,49.5,0.76,26.0
2024-11-14 16:04:58,49.5,0.75,26.0
2024-11-14 16:04:59,49.375,0.94,26.0
2024-11-14 16:05:00,49.625,1.12,26.0
2024-11-14 16:05:02,49.25,0.61,27.0
2024-11-14 16:05:03,49.375,1.02,26.0
2024-11-14 16:05:04,49.375,1.01,26.0
2024-11-14 16:05:06,49.5,0.99,26.0
2024-11-14 16:05:07,49.125,0.8,27.0
2024-11-14 16:05:08,50.125,1.23,25.0
2024-11-14 16:05:10,50.375,1.15,25.0
2024-11-14 16:05:11,50.25,0.96,25.0
2024-11-14 16:05:12,50.125,1.3,25.0
2024-11-14 16:05:13,49.875,0.94,26.0
2024-11-14 16:05:15,49.625,1.06,26.0
2024-11-14 16:05:16,49.875,1.17,26.0
2024-11-14 16:05:17,49.5,0.88,26.0
2024-11-14 16:05:19,49.5,0.83,26.0
2024-11-14 16:05:20,49.875,1.35,26.0
2024-11-14 16:05:21,49.875,1.29,26.0
2024-11-14 16:05:22,50.0,1.4,25.0
2024-11-14 16:05:24,49.625,0.93,26.0
2024-11-14 16:05:25,49.875,1.56,26.0
2024-11-14 16:05:26,50.5,1.16,25.0
2024-11-14 16:05:28,50.25,1.14,25.0
2024-11-14 16:05:29,49.75,1.16,26.0
2024-11-14 16:05:30,49.875,1.16,26.0
2024-11-14 16:05:31,49.875,1.0,26.0
2024-11-14 16:05:33,49.375,0.59,26.0
2024-11-14 16:05:34,49.5,0.93,26.0
2024-11-14 16:05:35,49.625,1.04,26.0
2024-11-14 16:05:37,49.5,0.78,26.0
2024-11-14 16:05:38,49.875,1.19,26.0
2024-11-14 16:05:39,50.75,1.54,24.0
2024-11-14 16:05:41,51.125,1.18,24.0
2024-11-14 16:05:42,51.0,0.82,24.0
2024-11-14 16:05:43,51.25,1.29,24.0
2024-11-14 16:05:44,51.0,0.83,24.0
2024-11-14 16:05:46,51.125,0.68,24.0
2024-11-14 16:05:47,51.0,1.01,24.0
2024-11-14 16:05:48,51.0,0.87,24.0
2024-11-14 16:05:50,50.625,0.64,25.0
2024-11-14 16:05:51,51.25,1.13,24.0
2024-11-14 16:05:52,51.375,1.1,23.0
2024-11-14 16:05:54,51.5,1.28,23.0
2024-11-14 16:05:55,50.875,0.4,24.0
2024-11-14 16:05:56,50.75,0.88,24.0
2024-11-14 16:05:57,50.75,0.83,24.0
2024-11-14 16:05:59,51.375,1.1,23.0
2024-11-14 16:06:00,51.125,1.1,24.0
2024-11-14 16:06:01,51.25,1.03,24.0
2024-11-14 16:06:03,51.25,0.96,24.0
2024-11-14 16:06:04,50.875,0.62,24.0
2024-11-14 16:06:05,50.75,0.82,24.0
2024-11-14 16:06:06,51.125,1.22,24.0
2024-11-14 16:06:08,51.0,0.87,24.0
2024-11-14 16:06:09,50.875,1.08,24.0
2024-11-14 16:06:10,50.75,0.7,24.0
2024-11-14 16:06:12,50.75,0.73,24.0
2024-11-14 16:06:13,50.625,0.79,25.0
2024-11-14 16:06:14,51.625,1.09,23.0
2024-11-14 16:06:15,52.375,1.56,22.0
2024-11-14 16:06:17,53.0,0.71,21.0
2024-11-14 16:06:18,53.0,1.2,21.0
2024-11-14 16:06:19,52.875,1.44,21.0
2024-11-14 16:06:21,52.5,0.69,22.0
2024-11-14 16:06:22,51.875,0.76,23.0
2024-11-14 16:06:23,51.625,0.88,23.0
2024-11-14 16:06:24,51.75,1.06,23.0
2024-11-14 16:06:26,51.625,0.88,23.0
2024-11-14 16:06:27,51.375,0.95,23.0
2024-11-14 16:06:28,51.75,1.25,23.0
2024-11-14 16:06:30,51.75,0.92,23.0
2024-11-14 16:06:31,51.5,0.83,23.0
2024-11-14 16:06:32,52.0,1.19,22.0
2024-11-14 16:06:33,51.75,0.72,23.0
2024-11-14 16:06:35,52.0,0.99,22.0
2024-11-14 16:06:36,51.75,1.08,23.0
2024-11-14 16:06:37,51.75,0.59,23.0
2024-11-14 16:06:39,51.875,0.79,23.0
2024-11-14 16:06:40,51.75,0.94,23.0
2024-11-14 16:06:41,51.875,1.09,23.0
2024-11-14 16:06:42,52.0,1.05,22.0
2024-11-14 16:06:44,51.75,0.47,23.0
2024-11-14 16:06:45,52.25,1.58,22.0
2024-11-14 16:06:46,53.375,1.51,20.0
2024-11-14 16:06:48,53.5,1.16,20.0
2024-11-14 16:06:49,53.75,0.78,20.0
2024-11-14 16:06:50,54.875,1.99,20.0
2024-11-14 16:06:52,54.625,0.97,20.0
2024-11-14 16:06:53,53.875,0.71,20.0
2024-11-14 16:06:54,53.625,1.12,20.0
2024-11-14 16:06:55,53.75,1.23,20.0
2024-11-14 16:06:57,53.5,0.58,20.0
2024-11-14 16:06:58,53.625,1.07,20.0
2024-11-14 16:06:59,53.625,1.06,20.0
2024-11-14 16:07:01,53.375,0.84,20.0
2024-11-14 16:07:02,53.375,1.24,20.0
2024-11-14 16:07:03,53.375,1.11,20.0
2024-11-14 16:07:05,53.375,0.95,20.0
2024-11-14 16:07:06,52.875,0.56,21.0
2024-11-14 16:07:07,52.75,0.92,21.0
2024-11-14 16:07:08,52.75,0.92,21.0
2024-11-14 16:07:10,53.0,0.94,21.0
2024-11-14 16:07:11,52.625,0.61,22.0
2024-11-14 16:07:12,52.625,0.8,22.0
2024-11-14 16:07:14,52.75,1.07,21.0
2024-11-14 16:07:15,56.375,1.14,20.0
2024-11-14 16:07:16,58.5,1.46,20.0
2024-11-14 16:07:18,58.0,1.68,20.0
2024-11-14 16:07:19,56.625,0.81,20.0
2024-11-14 16:07:20,56.375,1.2,20.0
2024-11-14 16:07:21,56.0,0.97,20.0
2024-11-14 16:07:23,55.25,1.07,20.0
2024-11-14 16:07:24,55.25,1.46,20.0
2024-11-14 16:07:25,54.875,0.98,20.0
2024-11-14 16:07:27,54.75,1.05,20.0
2024-11-14 16:07:28,54.25,0.85,20.0
2024-11-14 16:07:29,54.125,1.05,20.0
2024-11-14 16:07:30,54.125,1.02,20.0
2024-11-14 16:07:32,53.5,0.52,20.0
2024-11-14 16:07:33,53.5,1.06,20.0
2024-11-14 16:07:34,53.75,1.04,20.0
2024-11-14 16:07:36,53.875,1.12,20.0
2024-11-14 16:07:37,53.75,0.92,20.0
2024-11-14 16:07:38,53.75,1.09,20.0
2024-11-14 16:07:39,53.875,1.0,20.0
2024-11-14 16:07:41,53.625,0.91,20.0
2024-11-14 16:07:42,53.25,0.77,21.0
2024-11-14 16:07:43,54.0,1.29,20.0
2024-11-14 16:07:45,53.75,0.78,20.0
2024-11-14 16:07:46,53.5,0.74,20.0
2024-11-14 16:07:47,54.25,0.97,20.0
2024-11-14 16:07:48,54.0,0.77,20.0
2024-11-14 16:07:50,56.125,0.97,20.0
2024-11-14 16:07:51,57.0,1.38,20.0
2024-11-14 16:07:52,56.5,0.98,20.0
2024-11-14 16:07:54,56.5,0.92,20.0
2024-11-14 16:07:55,56.0,1.06,20.0
2024-11-14 16:07:56,56.0,1.42,20.0
2024-11-14 16:07:58,56.25,1.29,20.0
2024-11-14 16:07:59,55.5,0.53,20.0
2024-11-14 16:08:00,55.125,0.89,20.0
2024-11-14 16:08:01,55.5,1.22,20.0
2024-11-14 16:08:03,55.5,1.09,20.0
2024-11-14 16:08:04,55.625,1.7,20.0
2024-11-14 16:08:05,55.625,1.53,20.0
2024-11-14 16:08:07,55.375,0.93,20.0
2024-11-14 16:08:08,54.625,0.69,20.0
2024-11-14 16:08:09,54.625,0.85,20.0
2024-11-14 16:08:10,54.625,1.07,20.0
2024-11-14 16:08:12,54.5,0.97,20.0
2024-11-14 16:08:13,54.25,0.7,20.0
2024-11-14 16:08:14,54.375,0.96,20.0
2024-11-14 16:08:16,54.25,0.95,20.0
2024-11-14 16:08:17,54.75,0.88,20.0
2024-11-14 16:08:18,54.625,0.83,20.0
2024-11-14 16:08:19,55.375,1.26,20.0
2024-11-14 16:08:21,57.375,1.51,20.0
2024-11-14 16:08:22,57.25,1.44,20.0
2024-11-14 16:08:23,56.875,0.86,20.0
2024-11-14 16:08:25,56.375,0.96,20.0
2024-11-14 16:08:26,56.5,1.13,20.0
2024-11-14 16:08:27,57.0,1.27,20.0
2024-11-14 16:08:29,56.875,0.77,20.0
2024-11-14 16:08:30,56.75,1.15,20.0
2024-11-14 16:08:31,56.375,1.02,20.0
2024-11-14 16:08:32,56.0,1.05,20.0
2024-11-14 16:08:34,55.75,0.76,20.0
2024-11-14 16:08:35,55.375,1.04,20.0
2024-11-14 16:08:36,55.625,1.01,20.0
2024-11-14 16:08:38,55.625,1.09,20.0
2024-11-14 16:08:39,55.125,0.81,20.0
2024-11-14 16:08:40,55.25,1.12,20.0
2024-11-14 16:08:42,55.125,0.82,20.0
2024-11-14 16:08:43,54.875,0.57,20.0
2024-11-14 16:08:44,54.875,0.98,20.0
2024-11-14 16:08:45,55.125,1.1,20.0
2024-11-14 16:08:47,55.375,0.82,20.0
2024-11-14 16:08:48,55.875,1.19,20.0
2024-11-14 16:08:49,55.75,0.74,20.0
2024-11-14 16:08:51,56.5,1.07,20.0
2024-11-14 16:08:52,55.875,0.92,20.0
2024-11-14 16:08:53,55.875,1.16,20.0
2024-11-14 16:08:54,55.625,1.0,20.0
2024-11-14 16:08:56,55.625,0.94,20.0
2024-11-14 16:08:57,55.375,0.8,20.0
2024-11-14 16:08:58,55.375,1.1,20.0
2024-11-14 16:09:00,56.375,1.09,20.0
2024-11-14 16:09:01,56.625,0.93,20.0
2024-11-14 16:09:02,56.75,1.05,20.0
2024-11-14 16:09:04,57.0,1.05,20.0
2024-11-14 16:09:05,56.375,0.6,20.0
2024-11-14 16:09:06,56.125,0.99,20.0
2024-11-14 16:09:07,56.375,1.12,20.0
2024-11-14 16:09:09,56.625,1.41,20.0
2024-11-14 16:09:10,57.0,1.87,20.0
2024-11-14 16:09:11,57.875,1.73,20.0
2024-11-14 16:09:13,59.125,1.7,20.0
2024-11-14 16:09:14,59.25,1.21,20.0
2024-11-14 16:09:15,59.5,1.78,20.0
2024-11-14 16:09:17,59.125,1.44,20.0
2024-11-14 16:09:18,58.375,0.98,20.0
2024-11-14 16:09:19,58.0,0.81,20.0
2024-11-14 16:09:21,57.875,1.3,20.0
2024-11-14 16:09:22,58.375,1.03,20.0
2024-11-14 16:09:23,58.375,1.17,20.0
2024-11-14 16:09:24,59.125,1.72,20.0
2024-11-14 16:09:26,58.625,0.69,20.0
2024-11-14 16:09:27,58.25,0.79,20.0
2024-11-14 16:09:28,57.875,1.21,20.0
2024-11-14 16:09:30,57.5,0.76,20.0
2024-11-14 16:09:31,57.375,1.02,20.0
2024-11-14 16:09:32,58.125,1.1,20.0
2024-11-14 16:09:34,59.625,1.3,20.0
2024-11-14 16:09:35,60.625,1.06,20.0
2024-11-14 16:09:36,60.375,1.26,20.0
2024-11-14 16:09:38,59.875,1.05,20.0
2024-11-14 16:09:39,58.875,0.72,20.0
2024-11-14 16:09:40,58.625,0.67,20.0
2024-11-14 16:09:41,58.375,1.11,20.0
2024-11-14 16:09:43,58.375,1.35,20.0
2024-11-14 16:09:44,58.0,1.22,20.0
2024-11-14 16:09:45,58.375,1.26,20.0
2024-11-14 16:09:47,58.625,1.57,20.0
2024-11-14 16:09:48,59.625,1.33,20.0
2024-11-14 16:09:49,60.0,1.3,20.0
2024-11-14 16:09:51,61.25,1.88,20.0
2024-11-14 16:09:52,61.875,1.77,20.0
2024-11-14 16:09:53,61.375,1.4,20.0
2024-11-14 16:09:55,61.625,1.53,20.0
2024-11-14 16:09:56,62.0,1.2,20.0
2024-11-14 16:09:57,61.375,1.08,20.0
2024-11-14 16:09:59,60.875,0.92,20.0
2024-11-14 16:10:00,61.375,1.92,20.0
2024-11-14 16:10:01,61.5,1.24,20.0
2024-11-14 16:10:02,61.375,1.23,20.0
2024-11-14 16:10:04,60.75,0.97,20.0
2024-11-14 16:10:05,60.25,1.19,20.0
2024-11-14 16:10:06,60.25,1.34,20.0
2024-11-14 16:10:08,60.125,1.21,20.0
2024-11-14 16:10:09,60.125,1.03,20.0
2024-11-14 16:10:10,60.125,1.45,20.0
2024-11-14 16:10:11,59.625,0.88,20.0
2024-11-14 16:10:13,59.375,1.06,20.0
2024-11-14 16:10:14,59.375,1.16,20.0
2024-11-14 16:10:15,59.375,1.07,20.0
2024-11-14 16:10:17,59.25,1.13,20.0
2024-11-14 16:10:18,58.5,0.88,20.0
2024-11-14 16:10:19,59.25,1.16,20.0
2024-11-14 16:10:21,59.0,1.08,20.0
2024-11-14 16:10:22,58.625,0.83,20.0
2024-11-14 16:10:23,58.5,1.08,20.0
2024-11-14 16:10:24,58.375,0.74,20.0
2024-11-14 16:10:26,58.25,0.66,20.0
2024-11-14 16:10:27,57.875,0.79,20.0
2024-11-14 16:10:28,58.0,1.14,20.0
2024-11-14 16:10:30,57.875,0.61,20.0
2024-11-14 16:10:31,57.5,0.51,20.0
2024-11-14 16:10:32,57.625,0.86,20.0
2024-11-14 16:10:33,57.875,1.04,20.0
2024-11-14 16:10:35,58.125,1.0,20.0
2024-11-14 16:10:36,58.0,1.11,20.0
2024-11-14 16:10:37,58.75,1.2,20.0
2024-11-14 16:10:39,59.25,1.49,20.0
2024-11-14 16:10:40,59.75,1.17,20.0
2024-11-14 16:10:41,59.875,1.29,20.0
2024-11-14 16:10:43,59.875,1.37,20.0
2024-11-14 16:10:44,59.25,0.78,20.0
2024-11-14 16:10:45,59.0,1.07,20.0
2024-11-14 16:10:46,59.375,1.67,20.0
2024-11-14 16:10:48,59.375,1.14,20.0
2024-11-14 16:10:49,61.625,2.02,20.0
2024-11-14 16:10:50,61.875,1.54,20.0
2024-11-14 16:10:52,61.375,1.28,20.0
2024-11-14 16:10:53,60.25,0.75,20.0
2024-11-14 16:10:54,59.875,0.97,20.0
2024-11-14 16:10:55,59.625,0.76,20.0
2024-11-14 16:10:57,59.25,0.71,20.0
2024-11-14 16:10:58,59.375,1.34,20.0
2024-11-14 16:10:59,59.25,1.01,20.0
2024-11-14 16:11:01,59.125,0.83,20.0
2024-11-14 16:11:02,58.875,1.09,20.0
2024-11-14 16:11:03,59.125,1.56,20.0
2024-11-14 16:11:05,59.25,1.19,20.0
2024-11-14 16:11:06,61.0,1.65,20.0
2024-11-14 16:11:07,62.0,1.68,20.0
2024-11-14 16:11:09,62.625,2.2,20.0
2024-11-14 16:11:10,63.875,1.86,20.0
2024-11-14 16:11:11,63.5,1.36,20.0
2024-11-14 16:11:12,63.125,1.43,20.0
2024-11-14 16:11:14,63.625,2.25,20.0
2024-11-14 16:11:15,63.25,0.85,20.0
2024-11-14 16:11:16,62.625,1.12,20.0
2024-11-14 16:11:18,62.125,0.93,20.0
2024-11-14 16:11:19,61.625,1.58,20.0
2024-11-14 16:11:20,61.625,1.49,20.0
2024-11-14 16:11:22,61.5,0.98,20.0
2024-11-14 16:11:23,62.875,1.8,20.0
2024-11-14 16:11:24,63.25,1.97,20.0
2024-11-14 16:11:25,62.875,1.23,20.0
2024-11-14 16:11:27,62.25,0.88,20.0
2024-11-14 16:11:28,61.25,0.9,20.0
2024-11-14 16:11:29,60.75,1.06,20.0
2024-11-14 16:11:31,60.875,1.44,20.0
2024-11-14 16:11:32,60.875,0.88,20.0
2024-11-14 16:11:33,60.875,1.28,20.0
2024-11-14 16:11:35,60.5,0.97,20.0
2024-11-14 16:11:36,61.75,1.44,20.0
2024-11-14 16:11:37,62.25,1.1,20.0
2024-11-14 16:11:38,62.625,1.07,20.0
2024-11-14 16:11:40,62.125,1.04,20.0
2024-11-14 16:11:41,61.125,0.84,20.0
2024-11-14 16:11:42,60.625,0.74,20.0
2024-11-14 16:11:44,60.75,1.12,20.0
2024-11-14 16:11:45,61.375,1.06,20.0
2024-11-14 16:11:46,61.25,1.33,20.0
2024-11-14 16:11:48,61.5,1.22,20.0
2024-11-14 16:11:49,61.0,0.37,20.0
2024-11-14 16:11:50,61.625,1.81,20.0
2024-11-14 16:11:51,61.375,1.15,20.0
2024-11-14 16:11:53,61.125,1.15,20.0
2024-11-14 16:11:54,60.25,1.06,20.0
2024-11-14 16:11:55,60.25,1.0,20.0
2024-11-14 16:11:57,60.25,1.03,20.0
2024-11-14 16:11:58,59.75,0.56,20.0
2024-11-14 16:11:59,59.75,1.05,20.0
2024-11-14 16:12:00,59.75,0.93,20.0
2024-11-14 16:12:02,59.75,1.03,20.0
2024-11-14 16:12:03,59.375,0.93,20.0
2024-11-14 16:12:04,59.625,1.07,20.0
2024-11-14 16:12:06,59.75,1.15,20.0
2024-11-14 16:12:07,60.25,1.38,20.0
2024-11-14 16:12:08,60.625,1.49,20.0
2024-11-14 16:12:10,60.5,0.97,20.0
2024-11-14 16:12:11,60.75,1.56,20.0
2024-11-14 16:12:12,61.0,1.4,20.0
2024-11-14 16:12:13,61.125,1.46,20.0
2024-11-14 16:12:15,62.625,1.56,20.0
2024-11-14 16:12:16,64.375,2.19,20.0
2024-11-14 16:12:17,65.25,1.71,20.0
2024-11-14 16:12:19,64.75,1.27,20.0
2024-11-14 16:12:20,65.5,1.85,20.0
2024-11-14 16:12:21,64.875,1.06,20.0
2024-11-14 16:12:23,64.125,1.02,20.0
2024-11-14 16:12:24,62.625,0.73,20.0
2024-11-14 16:12:25,62.375,1.38,20.0
2024-11-14 16:12:26,61.875,1.47,20.0
2024-11-14 16:12:28,61.5,1.37,20.0
2024-11-14 16:12:29,60.5,1.04,20.0
2024-11-14 16:12:30,60.125,0.83,20.0
2024-11-14 16:12:32,59.75,0.85,20.0
2024-11-14 16:12:33,58.875,0.74,20.0
2024-11-14 16:12:34,59.0,1.39,20.0
2024-11-14 16:12:36,58.625,1.04,20.0
2024-11-14 16:12:37,58.125,0.45,20.0
2024-11-14 16:12:38,57.875,0.91,20.0
2024-11-14 16:12:39,57.625,0.96,20.0
2024-11-14 16:12:41,57.5,0.82,20.0
2024-11-14 16:12:42,56.875,0.85,20.0
2024-11-14 16:12:43,56.75,0.78,20.0
2024-11-14 16:12:45,56.875,1.03,20.0
2024-11-14 16:12:46,56.25,0.59,20.0
2024-11-14 16:12:47,56.125,0.81,20.0
2024-11-14 16:12:48,55.875,0.93,20.0
2024-11-14 16:12:50,56.75,1.27,20.0
2024-11-14 16:12:51,58.25,1.1,20.0
2024-11-14 16:12:52,58.0,1.45,20.0
2024-11-14 16:12:54,57.75,0.97,20.0
2024-11-14 16:12:55,56.625,0.72,20.0
2024-11-14 16:12:56,56.25,0.9,20.0
2024-11-14 16:12:58,56.125,0.96,20.0
2024-11-14 16:12:59,55.375,0.81,20.0
2024-11-14 16:13:00,55.0,1.05,20.0
2024-11-14 16:13:01,54.875,1.03,20.0
2024-11-14 16:13:03,54.75,1.22,20.0
2024-11-14 16:13:04,54.5,1.0,20.0
2024-11-14 16:13:05,54.25,0.97,20.0
2024-11-14 16:13:07,54.125,0.98,20.0
2024-11-14 16:13:08,53.5,0.79,20.0
2024-11-14 16:13:09,53.625,1.11,20.0
2024-11-14 16:13:10,53.625,1.08,20.0
2024-11-14 16:13:12,53.625,0.87,20.0
2024-11-14 16:13:13,53.375,1.06,20.0
2024-11-14 16:13:14,53.125,0.72,21.0
2024-11-14 16:13:16,53.25,1.19,21.0
2024-11-14 16:13:17,52.75,0.51,21.0
2024-11-14 16:13:18,52.75,1.08,21.0
2024-11-14 16:13:19,52.875,1.13,21.0
2024-11-14 16:13:21,52.875,1.02,21.0
2024-11-14 16:13:22,53.5,1.39,20.0
2024-11-14 16:13:23,54.0,1.31,20.0
2024-11-14 16:13:25,54.0,1.09,20.0
2024-11-14 16:13:26,53.5,0.92,20.0
2024-11-14 16:13:27,53.125,0.86,21.0
2024-11-14 16:13:28,52.875,0.78,21.0
2024-11-14 16:13:30,52.75,1.23,21.0
2024-11-14 16:13:31,52.75,1.56,21.0
2024-11-14 16:13:32,52.75,1.24,21.0
2024-11-14 16:13:34,52.75,1.24,21.0
2024-11-14 16:13:35,52.25,0.52,22.0
2024-11-14 16:13:36,52.0,0.93,22.0
2024-11-14 16:13:38,51.75,0.93,23.0
2024-11-14 16:13:39,51.25,0.62,24.0
2024-11-14 16:13:40,51.25,0.94,24.0
2024-11-14 16:13:41,51.125,0.89,24.0
2024-11-14 16:13:43,51.25,1.23,24.0
2024-11-14 16:13:44,51.125,1.16,24.0
2024-11-14 16:13:45,51.0,1.0,24.0
2024-11-14 16:13:47,51.0,0.77,24.0
2024-11-14 16:13:48,50.625,0.57,25.0
2024-11-14 16:13:49,50.625,0.97,25.0
2024-11-14 16:13:50,51.0,1.49,24.0
2024-11-14 16:13:52,51.5,1.23,23.0
2024-11-14 16:13:53,51.125,1.07,24.0
2024-11-14 16:13:54,50.875,0.74,24.0
2024-11-14 16:13:56,51.5,1.06,23.0
2024-11-14 16:13:57,51.625,1.05,23.0
2024-11-14 16:13:58,51.625,1.12,23.0
2024-11-14 16:14:00,51.75,1.15,23.0
2024-11-14 16:14:01,51.75,1.4,23.0
2024-11-14 16:14:02,50.875,0.83,24.0
2024-11-14 16:14:03,50.75,1.06,24.0
2024-11-14 16:14:05,50.625,1.0,25.0
2024-11-14 16:14:06,50.125,0.81,25.0
2024-11-14 16:14:07,50.25,1.23,25.0
2024-11-14 16:14:09,50.125,0.86,25.0
2024-11-14 16:14:10,49.875,0.69,26.0
2024-11-14 16:14:11,49.625,0.97,26.0
2024-11-14 16:14:12,49.5,0.87,26.0
2024-11-14 16:14:14,49.75,0.97,26.0
2024-11-14 16:14:15,49.5,0.83,26.0
2024-11-14 16:14:16,49.375,0.72,26.0
2024-11-14 16:14:18,49.5,0.98,26.0
2024-11-14 16:14:19,49.625,1.17,26.0
2024-11-14 16:14:20,49.5,1.21,26.0
2024-11-14 16:14:21,49.375,0.68,26.0
2024-11-14 16:14:23,50.375,1.33,25.0
2024-11-14 16:14:24,49.75,0.88,26.0
2024-11-14 16:14:25,50.5,1.87,25.0
2024-11-14 16:14:26,51.0,1.73,24.0
2024-11-14 16:14:28,50.5,0.97,25.0
2024-11-14 16:14:29,50.625,1.13,25.0
2024-11-14 16:14:30,50.375,1.37,25.0
2024-11-14 16:14:32,50.25,1.28,25.0
2024-11-14 16:14:33,49.625,0.59,26.0
2024-11-14 16:14:34,49.5,0.97,26.0
2024-11-14 16:14:36,49.5,1.22,26.0
2024-11-14 16:14:37,49.625,0.69,26.0
2024-11-14 16:14:38,50.0,1.38,25.0
2024-11-14 16:14:39,50.0,0.86,25.0
2024-11-14 16:14:41,50.25,1.39,25.0
2024-11-14 16:14:42,49.5,0.85,26.0
2024-11-14 16:14:43,49.375,0.8,26.0
2024-11-14 16:14:45,49.25,0.76,27.0
2024-11-14 16:14:46,49.25,0.91,27.0
2024-11-14 16:14:47,49.375,1.07,26.0
2024-11-14 16:14:48,49.5,1.18,26.0
2024-11-14 16:14:50,50.125,1.85,25.0
2024-11-14 16:14:51,54.0,1.72,20.0
2024-11-14 16:14:52,54.25,1.91,20.0
2024-11-14 16:14:54,53.75,1.09,20.0
2024-11-14 16:14:55,52.625,0.94,22.0
2024-11-14 16:14:56,52.25,0.98,22.0
2024-11-14 16:14:57,51.875,1.0,23.0
2024-11-14 16:14:59,51.5,1.01,23.0
2024-11-14 16:15:00,51.125,1.02,24.0
2024-11-14 16:15:01,51.5,1.15,23.0
2024-11-14 16:15:03,51.875,1.68,23.0
2024-11-14 16:15:04,52.125,1.25,22.0
2024-11-14 16:15:05,52.5,1.87,22.0
2024-11-14 16:15:07,52.375,1.13,22.0
2024-11-14 16:15:08,51.625,0.88,23.0
2024-11-14 16:15:09,51.375,1.06,23.0
2024-11-14 16:15:11,51.25,0.93,24.0
2024-11-14 16:15:12,51.625,0.89,23.0
2024-11-14 16:15:13,51.375,0.97,23.0
2024-11-14 16:15:14,51.375,1.12,23.0
2024-11-14 16:15:16,51.5,1.24,23.0
2024-11-14 16:15:17,51.5,1.49,23.0
2024-11-14 16:15:18,51.5,1.07,23.0
2024-11-14 16:15:20,51.625,1.04,23.0
2024-11-14 16:15:21,51.375,1.0,23.0
2024-11-14 16:15:22,52.0,1.35,22.0
2024-11-14 16:15:24,52.0,1.04,22.0
2024-11-14 16:15:25,51.625,0.92,23.0
2024-11-14 16:15:26,51.375,0.94,23.0
2024-11-14 16:15:27,51.75,0.97,23.0
2024-11-14 16:15:29,52.75,1.61,21.0
2024-11-14 16:15:30,52.5,1.01,22.0
2024-11-14 16:15:31,52.125,0.88,22.0
2024-11-14 16:15:33,52.5,1.04,22.0
2024-11-14 16:15:34,52.875,1.2,21.0
2024-11-14 16:15:35,53.25,1.49,21.0
2024-11-14 16:15:37,53.5,1.36,20.0
2024-11-14 16:15:38,53.375,1.32,20.0
2024-11-14 16:15:39,53.125,0.91,21.0
2024-11-14 16:15:40,52.875,0.99,21.0
2024-11-14 16:15:42,53.125,1.32,21.0
2024-11-14 16:15:43,53.0,1.02,21.0
2024-11-14 16:15:44,53.25,1.47,21.0
2024-11-14 16:15:46,53.625,1.41,20.0
2024-11-14 16:15:47,53.0,0.83,21.0
2024-11-14 16:15:48,53.125,1.08,21.0
2024-11-14 16:15:50,53.0,0.99,21.0
2024-11-14 16:15:51,53.25,1.26,21.0
2024-11-14 16:15:52,53.25,0.87,21.0
2024-11-14 16:15:53,53.875,1.89,20.0
2024-11-14 16:15:55,53.75,1.39,20.0
2024-11-14 16:15:56,53.25,1.12,21.0
2024-11-14 16:15:57,53.125,1.12,21.0
2024-11-14 16:15:59,53.0,0.79,21.0
2024-11-14 16:16:00,53.0,0.75,21.0
2024-11-14 16:16:01,52.75,0.84,21.0
2024-11-14 16:16:02,52.875,0.96,21.0
2024-11-14 16:16:04,53.125,1.36,21.0
2024-11-14 16:16:05,52.875,1.15,21.0
2024-11-14 16:16:06,53.0,0.95,21.0
2024-11-14 16:16:08,53.75,1.5,20.0
2024-11-14 16:16:09,54.25,1.35,20.0
2024-11-14 16:16:10,54.625,1.34,20.0
2024-11-14 16:16:12,54.75,1.13,20.0
2024-11-14 16:16:13,54.0,0.76,20.0
2024-11-14 16:16:14,54.125,1.08,20.0
2024-11-14 16:16:15,54.125,0.96,20.0
2024-11-14 16:16:17,53.875,0.69,20.0
2024-11-14 16:16:18,53.625,1.18,20.0
2024-11-14 16:16:19,53.375,0.79,20.0
2024-11-14 16:16:21,53.5,1.05,20.0
2024-11-14 16:16:22,53.25,0.72,21.0
2024-11-14 16:16:23,54.125,1.3,20.0
2024-11-14 16:16:25,54.25,1.3,20.0
2024-11-14 16:16:26,54.125,1.06,20.0
2024-11-14 16:16:27,53.875,0.71,20.0
2024-11-14 16:16:28,53.75,0.58,20.0
2024-11-14 16:16:30,53.75,1.0,20.0
2024-11-14 16:16:31,53.5,0.88,20.0
2024-11-14 16:16:32,53.75,1.23,20.0
2024-11-14 16:16:34,53.875,1.08,20.0
2024-11-14 16:16:35,53.875,0.82,20.0
2024-11-14 16:16:36,53.875,0.99,20.0
2024-11-14 16:16:37,53.75,0.8,20.0
2024-11-14 16:16:39,53.875,1.27,20.0
2024-11-14 16:16:40,54.875,1.32,20.0
2024-11-14 16:16:41,55.25,1.54,20.0
2024-11-14 16:16:43,55.25,1.39,20.0
2024-11-14 16:16:44,55.125,0.85,20.0
2024-11-14 16:16:45,54.875,0.93,20.0
2024-11-14 16:16:46,54.5,0.52,20.0
2024-11-14 16:16:48,54.625,1.09,20.0
2024-11-14 16:16:49,55.0,0.95,20.0
2024-11-14 16:16:50,55.75,1.75,20.0
2024-11-14 16:16:52,55.75,1.24,20.0
2024-11-14 16:16:53,55.625,1.21,20.0
2024-11-14 16:16:54,55.625,1.18,20.0
2024-11-14 16:16:56,55.25,0.59,20.0
2024-11-14 16:16:57,55.5,1.05,20.0
2024-11-14 16:16:58,56.25,1.51,20.0
2024-11-14 16:16:59,57.0,1.04,20.0
2024-11-14 16:17:01,56.625,1.17,20.0
2024-11-14 16:17:02,55.875,0.99,20.0
2024-11-14 16:17:03,55.625,0.86,20.0
2024-11-14 16:17:05,55.5,0.84,20.0
2024-11-14 16:17:06,55.125,0.74,20.0
2024-11-14 16:17:07,55.0,0.64,20.0
2024-11-14 16:17:09,55.0,1.18,20.0
2024-11-14 16:17:10,54.875,0.96,20.0
2024-11-14 16:17:11,54.5,1.03,20.0
2024-11-14 16:17:12,54.625,1.16,20.0
2024-11-14 16:17:14,55.75,1.31,20.0
2024-11-14 16:17:15,56.625,1.24,20.0
2024-11-14 16:17:16,56.625,1.23,20.0
2024-11-14 16:17:18,56.75,1.13,20.0
2024-11-14 16:17:19,56.0,0.82,20.0
2024-11-14 16:17:20,55.75,1.0,20.0
2024-11-14 16:17:21,55.75,1.3,20.0
2024-11-14 16:17:23,55.5,0.73,20.0
2024-11-14 16:17:24,56.125,1.1,20.0
2024-11-14 16:17:25,56.125,1.16,20.0
2024-11-14 16:17:27,56.0,1.24,20.0
2024-11-14 16:17:28,55.75,0.78,20.0
2024-11-14 16:17:29,55.75,1.26,20.0
2024-11-14 16:17:31,55.875,1.2,20.0
2024-11-14 16:17:32,55.5,0.93,20.0
2024-11-14 16:17:33,55.5,1.13,20.0
2024-11-14 16:17:34,55.375,0.7,20.0
2024-11-14 16:17:36,55.625,0.96,20.0
2024-11-14 16:17:37,55.5,0.94,20.0
2024-11-14 16:17:38,55.75,1.32,20.0
2024-11-14 16:17:40,55.625,0.91,20.0
2024-11-14 16:17:41,55.5,1.08,20.0
2024-11-14 16:17:42,55.625,0.97,20.0
2024-11-14 16:17:44,55.5,0.79,20.0
2024-11-14 16:17:45,56.625,1.21,20.0
2024-11-14 16:17:46,57.0,1.21,20.0
2024-11-14 16:17:47,57.25,1.66,20.0
2024-11-14 16:17:49,57.25,1.46,20.0
2024-11-14 16:17:50,57.5,1.76,20.0
2024-11-14 16:17:51,57.25,0.98,20.0
2024-11-14 16:17:53,56.875,0.9,20.0
2024-11-14 16:17:54,57.75,1.24,20.0
2024-11-14 16:17:55,57.75,1.5,20.0
2024-11-14 16:17:57,57.75,1.43,20.0
2024-11-14 16:17:58,59.5,1.81,20.0
2024-11-14 16:17:59,60.0,1.5,20.0
2024-11-14 16:18:01,60.125,1.43,20.0
2024-11-14 16:18:02,59.5,0.97,20.0
2024-11-14 16:18:03,58.5,1.08,20.0
2024-11-14 16:18:04,58.25,1.0,20.0
2024-11-14 16:18:06,58.125,1.23,20.0
2024-11-14 16:18:07,57.375,0.94,20.0
2024-11-14 16:18:08,57.25,0.97,20.0
2024-11-14 16:18:10,57.125,0.96,20.0
2024-11-14 16:18:11,57.5,1.09,20.0
2024-11-14 16:18:12,57.375,0.81,20.0
2024-11-14 16:18:14,57.25,1.12,20.0
2024-11-14 16:18:15,56.75,0.63,20.0
2024-11-14 16:18:16,56.75,0.89,20.0
2024-11-14 16:18:17,56.75,1.02,20.0
2024-11-14 16:18:19,57.0,0.97,20.0
2024-11-14 16:18:20,58.375,1.21,20.0
2024-11-14 16:18:21,58.625,1.35,20.0
2024-11-14 16:18:23,58.5,1.35,20.0
2024-11-14 16:18:24,58.375,1.28,20.0
2024-11-14 16:18:25,58.375,0.92,20.0
2024-11-14 16:18:27,58.125,1.0,20.0
2024-11-14 16:18:28,59.875,1.65,20.0
2024-11-14 16:18:29,60.5,1.63,20.0
2024-11-14 16:18:30,60.0,1.15,20.0
2024-11-14 16:18:32,59.375,0.74,20.0
2024-11-14 16:18:33,58.875,1.61,20.0
2024-11-14 16:18:34,58.75,1.58,20.0
2024-11-14 16:18:36,58.625,1.36,20.0
2024-11-14 16:18:37,58.0,0.89,20.0
2024-11-14 16:18:38,57.875,1.0,20.0
2024-11-14 16:18:40,57.875,1.06,20.0
2024-11-14 16:18:41,57.625,0.49,20.0
2024-11-14 16:18:42,57.75,1.06,20.0
2024-11-14 16:18:43,57.5,0.77,20.0
2024-11-14 16:18:45,57.5,0.79,20.0
2024-11-14 16:18:46,57.25,0.9,20.0
2024-11-14 16:18:47,57.25,0.83,20.0
2024-11-14 16:18:49,57.125,0.69,20.0
2024-11-14 16:18:50,58.5,1.72,20.0
2024-11-14 16:18:51,59.625,2.11,20.0
2024-11-14 16:18:53,60.5,2.01,20.0
2024-11-14 16:18:54,61.625,2.06,20.0
2024-11-14 16:18:55,61.75,1.22,20.0
2024-11-14 16:18:56,61.25,1.17,20.0
2024-11-14 16:18:58,60.75,0.84,20.0
2024-11-14 16:18:59,59.75,1.42,20.0
2024-11-14 16:19:00,59.875,1.41,20.0
2024-11-14 16:19:02,59.625,0.84,20.0
2024-11-14 16:19:03,58.875,0.62,20.0
2024-11-14 16:19:04,58.875,1.12,20.0
2024-11-14 16:19:06,58.75,1.05,20.0
2024-11-14 16:19:07,58.625,1.0,20.0
2024-11-14 16:19:08,58.25,0.89,20.0
2024-11-14 16:19:09,58.25,1.07,20.0
2024-11-14 16:19:11,58.0,0.9,20.0
2024-11-14 16:19:12,57.75,0.92,20.0
2024-11-14 16:19:13,58.0,1.02,20.0
2024-11-14 16:19:15,57.875,1.0,20.0
2024-11-14 16:19:16,58.0,1.1,20.0
2024-11-14 16:19:17,58.125,1.29,20.0
2024-11-14 16:19:18,58.25,1.21,20.0
2024-11-14 16:19:20,58.125,0.71,20.0
2024-11-14 16:19:21,57.625,0.76,20.0
2024-11-14 16:19:22,58.0,1.13,20.0
2024-11-14 16:19:24,58.625,1.37,20.0
2024-11-14 16:19:25,61.375,2.83,20.0
2024-11-14 16:19:26,61.25,1.27,20.0
2024-11-14 16:19:28,60.875,1.18,20.0
2024-11-14 16:19:29,60.375,1.04,20.0
2024-11-14 16:19:30,59.625,0.81,20.0
2024-11-14 16:19:31,59.25,0.86,20.0
2024-11-14 16:19:33,58.875,1.01,20.0
2024-11-14 16:19:34,58.25,0.84,20.0
2024-11-14 16:19:35,58.125,0.77,20.0
2024-11-14 16:19:36,58.125,0.89,20.0
2024-11-14 16:19:38,58.125,0.93,20.0
2024-11-14 16:19:39,58.0,1.15,20.0
2024-11-14 16:19:40,58.25,1.08,20.0
2024-11-14 16:19:42,58.375,1.08,20.0
2024-11-14 16:19:43,57.875,0.52,20.0
2024-11-14 16:19:44,57.75,0.69,20.0
2024-11-14 16:19:45,57.625,0.86,20.0
2024-11-14 16:19:47,57.875,0.94,20.0
2024-11-14 16:19:48,57.625,0.83,20.0
2024-11-14 16:19:49,57.75,0.91,20.0
2024-11-14 16:19:51,58.25,1.35,20.0
2024-11-14 16:19:52,57.875,0.71,20.0
2024-11-14 16:19:53,58.0,0.95,20.0
2024-11-14 16:19:54,58.0,0.66,20.0
2024-11-14 16:19:56,58.375,1.13,20.0
2024-11-14 16:19:57,59.5,1.35,20.0
2024-11-14 16:19:58,59.625,1.34,20.0
2024-11-14 16:20:00,59.875,1.12,20.0
2024-11-14 16:20:01,59.5,1.14,20.0
2024-11-14 16:20:02,59.375,1.04,20.0
2024-11-14 16:20:04,59.125,0.85,20.0
2024-11-14 16:20:05,58.75,0.76,20.0
2024-11-14 16:20:06,59.0,1.32,20.0
2024-11-14 16:20:07,59.25,1.41,20.0
2024-11-14 16:20:09,59.5,1.25,20.0
2024-11-14 16:20:10,59.125,0.87,20.0
2024-11-14 16:20:11,58.875,0.69,20.0
2024-11-14 16:20:13,58.875,1.07,20.0
2024-11-14 16:20:14,58.5,0.63,20.0
2024-11-14 16:20:15,58.375,0.71,20.0
2024-11-14 16:20:16,58.5,0.83,20.0
2024-11-14 16:20:18,58.375,0.85,20.0
2024-11-14 16:20:19,58.0,0.72,20.0
2024-11-14 16:20:20,58.25,1.08,20.0
2024-11-14 16:20:22,58.125,0.84,20.0
2024-11-14 16:20:23,58.125,0.82,20.0
2024-11-14 16:20:24,58.0,0.78,20.0
2024-11-14 16:20:26,59.625,1.91,20.0
2024-11-14 16:20:27,62.125,2.13,20.0
2024-11-14 16:20:28,62.375,1.0,20.0
2024-11-14 16:20:29,61.875,1.17,20.0
2024-11-14 16:20:31,62.0,1.63,20.0
2024-11-14 16:20:32,62.25,1.91,20.0
2024-11-14 16:20:33,63.25,2.23,20.0
2024-11-14 16:20:35,63.5,1.81,20.0
2024-11-14 16:20:36,62.375,0.93,20.0
2024-11-14 16:20:37,62.0,1.52,20.0
2024-11-14 16:20:39,62.375,1.95,20.0
2024-11-14 16:20:40,61.875,1.3,20.0
2024-11-14 16:20:41,61.875,1.45,20.0
2024-11-14 16:20:43,61.625,1.42,20.0
2024-11-14 16:20:44,61.5,1.43,20.0
2024-11-14 16:20:45,61.375,1.67,20.0
2024-11-14 16:20:46,61.25,1.18,20.0
2024-11-14 16:20:48,61.0,1.11,20.0
2024-11-14 16:20:49,60.75,1.15,20.0
2024-11-14 16:20:50,62.5,2.29,20.0
2024-11-14 16:20:52,62.625,1.46,20.0
2024-11-14 16:20:53,64.625,1.58,20.0
2024-11-14 16:20:54,64.125,1.05,20.0
2024-11-14 16:20:56,63.625,1.38,20.0
2024-11-14 16:20:57,62.75,0.74,20.0
2024-11-14 16:20:58,62.25,1.04,20.0
2024-11-14 16:21:00,61.875,0.89,20.0
2024-11-14 16:21:01,61.0,0.73,20.0
2024-11-14 16:21:02,61.125,1.39,20.0
2024-11-14 16:21:03,61.875,1.43,20.0
2024-11-14 16:21:05,61.875,1.42,20.0
2024-11-14 16:21:06,61.875,1.09,20.0
2024-11-14 16:21:07,61.75,1.23,20.0
2024-11-14 16:21:09,61.375,1.06,20.0
2024-11-14 16:21:10,60.5,0.86,20.0
2024-11-14 16:21:11,60.875,1.42,20.0
2024-11-14 16:21:13,62.25,1.44,20.0
2024-11-14 16:21:14,62.25,1.28,20.0
2024-11-14 16:21:15,62.875,1.96,20.0
2024-11-14 16:21:17,64.0,2.11,20.0
2024-11-14 16:21:18,63.625,1.61,20.0
2024-11-14 16:21:19,63.5,1.47,20.0
2024-11-14 16:21:20,62.875,1.03,20.0
2024-11-14 16:21:22,62.125,1.19,20.0
2024-11-14 16:21:23,60.875,0.9,20.0
2024-11-14 16:21:24,60.375,0.86,20.0
2024-11-14 16:21:26,59.875,1.05,20.0
2024-11-14 16:21:27,59.25,0.86,20.0
2024-11-14 16:21:28,58.75,0.78,20.0
2024-11-14 16:21:30,58.375,0.74,20.0
2024-11-14 16:21:31,58.0,1.13,20.0
2024-11-14 16:21:32,57.25,1.0,20.0
2024-11-14 16:21:33,57.125,1.14,20.0
2024-11-14 16:21:35,56.875,0.96,20.0
2024-11-14 16:21:36,56.5,0.92,20.0
2024-11-14 16:21:37,57.0,1.45,20.0
2024-11-14 16:21:39,57.25,1.2,20.0
2024-11-14 16:21:40,57.25,1.35,20.0
2024-11-14 16:21:41,57.25,0.94,20.0
2024-11-14 16:21:42,56.875,0.94,20.0
2024-11-14 16:21:44,56.5,0.95,20.0
2024-11-14 16:21:45,55.875,0.9,20.0
2024-11-14 16:21:46,55.75,1.03,20.0
2024-11-14 16:21:48,55.5,0.77,20.0
2024-11-14 16:21:49,55.125,0.65,20.0
2024-11-14 16:21:50,55.375,0.89,20.0
2024-11-14 16:21:51,55.5,1.55,20.0
2024-11-14 16:21:53,55.25,1.16,20.0
2024-11-14 16:21:54,54.5,0.72,20.0
2024-11-14 16:21:55,54.5,1.0,20.0
2024-11-14 16:21:57,54.25,0.92,20.0
2024-11-14 16:21:58,54.125,0.73,20.0
2024-11-14 16:21:59,54.0,1.13,20.0
2024-11-14 16:22:00,53.875,0.83,20.0
2024-11-14 16:22:02,53.625,0.8,20.0
2024-11-14 16:22:03,53.125,0.8,21.0
2024-11-14 16:22:04,53.25,1.25,21.0
2024-11-14 16:22:06,53.25,0.72,21.0
2024-11-14 16:22:07,52.75,0.53,21.0
2024-11-14 16:22:08,52.625,0.77,22.0
2024-11-14 16:22:10,53.75,1.65,20.0
2024-11-14 16:22:11,54.0,1.48,20.0
2024-11-14 16:22:12,54.0,1.11,20.0
2024-11-14 16:22:13,53.875,1.12,20.0
2024-11-14 16:22:15,53.5,0.71,20.0
2024-11-14 16:22:16,53.0,0.86,21.0
2024-11-14 16:22:17,53.25,1.33,21.0
2024-11-14 16:22:19,53.5,1.04,20.0
2024-11-14 16:22:20,53.25,0.86,21.0
2024-11-14 16:22:21,53.25,1.35,21.0
2024-11-14 16:22:23,53.0,0.86,21.0
2024-11-14 16:22:24,52.75,0.86,21.0
2024-11-14 16:22:25,52.0,0.84,22.0
2024-11-14 16:22:26,52.0,1.01,22.0
2024-11-14 16:22:28,52.5,1.34,22.0
2024-11-14 16:22:29,51.875,0.6,23.0
2024-11-14 16:22:30,51.75,0.94,23.0
2024-11-14 16:22:32,51.625,1.04,23.0
2024-11-14 16:22:33,51.625,1.01,23.0
2024-11-14 16:22:34,51.25,1.06,24.0
2024-11-14 16:22:35,51.875,1.78,23.0
2024-11-14 16:22:37,52.375,1.25,22.0
2024-11-14 16:22:38,51.75,0.54,23.0
2024-11-14 16:22:39,51.5,0.79,23.0
2024-11-14 16:22:41,51.375,1.02,23.0
2024-11-14 16:22:42,51.125,0.77,24.0
2024-11-14 16:22:43,51.75,1.25,23.0
2024-11-14 16:22:44,52.0,1.44,22.0
2024-11-14 16:22:46,52.375,1.23,22.0
2024-11-14 16:22:47,52.875,1.41,21.0
2024-11-14 16:22:48,52.875,1.33,21.0
2024-11-14 16:22:50,52.875,1.99,21.0
2024-11-14 16:22:51,53.0,1.3,21.0
